Hours_Studied,Sleep_Hours,Screen_Time,Attendance,Extracurricular,Stress_Level,Final_Score
17.483570765056164,8.679226523903203,2.649643450051237,94.56220688452152,Yes,8,73.31527669404844
14.308678494144077,8.109560419495322,3.710962658568964,99.50701619540989,No,1,76.03035436684749
18.23844269050346,7.071556443904209,2.415160158000077,77.79012516851242,Yes,1,70.92939717090535
22.61514928204013,6.223675866753311,3.3840769407219193,99.09170898393931,Yes,4,74.98645710064686
13.82923312638332,7.837867976336308,0.21277066609242867,82.93701609374673,No,10,65.13890923502356
13.829315215254097,7.472182462506099,4.426587414745877,80.42556385941263,Yes,10,47.15728637950293
22.896064077536955,8.074231864033278,4.002410950724449,71.51048580908059,Yes,6,62.92882384479739
18.837173645764544,7.762206162018363,2.3658227378636187,71.58295773578809,No,9,66.70244684001881
12.652628070325239,8.259463258383203,5.31849133686481,90.76033767839964,Yes,1,68.98207940604995
17.712800217929825,6.357717746127318,5.875140275253116,83.73786983302084,Yes,7,59.916350752245535
12.682911535937688,8.580872878761191,0.7848802712620517,76.79564878108317,Yes,10,54.435694587329415
12.671351232148716,7.237119525630879,2.4745504428675718,88.41910918975698,Yes,5,60.923999911205414
16.20981135783017,9.490313047150318,2.4617153004254035,77.58574354750334,Yes,8,66.33123713223826
5.43359877671101,6.1729746182925185,2.120193797782271,87.32895263033268,Yes,7,41.95054919196103
6.375410837434837,9.0831565637983,5.658949683863497,80.77626240948071,Yes,4,49.1369734715521
12.188562353795136,7.237492940155177,3.612347722454393,94.70656679835457,No,4,67.45000236944759
9.93584439832788,6.218298395662662,3.4709703173787787,94.62088482300338,No,6,62.80063249693851
16.571236662976368,6.419336999134814,0.0,84.32051194367205,Yes,6,66.95566325913622
10.459879622393945,6.615583230166816,5.2708360604184525,80.52457328005048,Yes,9,50.558306147664865
7.938481493323542,7.508999135682299,1.5214832102930549,80.87679389677284,No,5,48.09247254011074
22.32824384460777,7.627402585642599,4.119865260532657,94.17143577004654,No,8,78.68745361269224
13.871118497567322,6.311559995273705,4.554753875916384,79.84538448392836,No,5,53.47580705532209
15.33764102343962,6.97077448928682,6.7213171916773025,76.27178121120538,No,2,60.08951692217455
7.8762590689327165,9.570724430334236,1.3823592017617758,72.5406502562592,No,6,55.69291130613684
12.278086377374088,9.073051804120853,0.0,84.00079362653226,Yes,9,70.98173256611152
15.55461294854933,7.523588403608839,4.36769908950739,84.46396296759525,No,3,62.87718439126343
9.245032112888486,7.0456041738018405,7.601022363021707,95.22726131208722,No,1,59.681354774386975
16.87849009172836,7.144037592061913,6.477892705878874,76.63716089338192,No,1,61.99782456309564
11.996806550405974,7.7362215672765,4.419318830549251,81.429738210052,Yes,3,59.64545886995848
13.541531251033616,5.772648921761913,3.0167276287359055,94.25217216681072,Yes,10,57.184281031938795
11.991466938853016,6.691148155091986,5.614245193274621,94.7087083224692,Yes,5,55.7944939171088
24.261390922544688,4.997699111346893,2.0529076005910625,81.53833227936305,Yes,3,75.3659098094162
14.932513876310331,7.479067747126335,4.952715538712439,83.77372069860043,Yes,9,57.92626226516557
9.711445355220498,7.7766351276432895,5.010940318333254,79.0985767254785,Yes,8,51.09673705825741
19.112724560515943,6.420176245240751,6.12041981499776,97.97664635257937,No,3,72.06757685518237
8.895781750144888,8.88878411594804,9.519320077822155,73.55931297224741,Yes,9,44.90235618570212
16.044317975023777,5.52908120439719,4.784831934357534,98.0124826900441,Yes,6,67.61095961219945
5.201649380601122,5.242750143748216,2.9820727485850025,90.5159935550603,No,7,41.44014444210764
8.359069755507846,7.269342182271966,3.948851375616011,85.94716458060194,Yes,4,58.64263886012154
15.984306179345618,8.256517963134586,0.4618481902217635,70.97977182353488,No,4,63.571544912496776
18.692332899977053,9.020713229749443,2.6105737378218836,84.26788575466026,No,2,80.73299967202142
15.856841405949853,6.449338884557272,3.181435123773792,82.23244315008196,Yes,5,65.50838903350153
14.421758588058797,8.294417000117555,2.951823204130815,74.83656435925367,No,8,52.23030375323731
13.494481522053556,6.953789836599151,4.304709744067444,89.69228810501971,No,7,60.41796448660257
7.607390048162863,6.7928472400710165,2.355160135235599,99.13452722104857,No,7,55.6402894045466
11.400778958026457,8.060391924984007,6.242061334648943,86.86566433193576,No,6,53.60026094855909
12.696806145201062,7.782787454096104,4.000414129836394,91.44259829331838,Yes,3,71.48200529841064
20.285611131094576,5.108329411618901,3.981399357722771,72.0535135769805,No,5,58.43383005734749
16.71809144784231,8.771848419671075,3.3442105669741644,82.53000987450984,Yes,1,70.77693860381164
6.18479922318633,8.656109624976942,4.310381367717958,73.49075455493488,No,7,47.15098242763924
16.620419846973974,6.249324758188565,5.650196529335269,88.38387506609531,No,9,61.17455588356126
13.074588597918417,7.474964240124891,2.2657395685781996,98.15446474642464,No,1,72.5958756988519
11.615389998470206,7.592836223539287,2.6837670218494867,89.85333197414916,Yes,2,70.98633999611597
18.05838144420434,7.312808518988689,3.3925479424466705,72.30409144943265,Yes,3,68.32631077773766
20.154997612479754,6.339633815385496,1.3082581530535702,80.63998614955248,Yes,3,64.66234290849827
19.656400595580994,6.194051958474338,2.361484280557004,86.51990138322554,No,8,65.91759706798402
10.803912383886807,6.969335114810265,3.047558252910682,82.09623268399757,No,7,52.64899365968208
13.453938120743928,8.407274823111237,5.748778361425455,95.00932031425518,No,6,66.49709863617556
16.65631715701782,7.652320185513319,4.52512265800385,94.44013014129968,No,10,54.604376043327676
19.877725635611796,6.5552628014966725,4.387179822735089,88.35493060309665,Yes,10,75.16198679916629
12.60412881077355,7.926038452778013,5.701795924335944,81.20373835398115,No,4,60.77419518277075
14.071705116680914,3.5817488552439096,3.725256423201207,77.66009121289733,Yes,9,47.133588879159035
9.468325129969859,8.378518840446525,4.780929699857779,73.17622954639388,No,1,60.97415293051857
9.018966879596647,4.9123434654662805,3.7935564941350077,80.64693050459663,Yes,2,59.75236265494731
19.062629111970992,6.565070870316242,4.530724698799257,82.39517551623159,Yes,4,70.65159058039447
21.781200142854114,5.6563961264486275,2.8344826847768356,90.27468775312221,No,3,79.46619399037286
14.63994939209833,5.4463822291349135,0.0,89.7447947289272,No,1,70.9965576504132
20.01766448946012,8.392992144854222,3.7314416756273916,72.10324418923771,Yes,5,68.68700924511194
16.80818012523817,6.4387585584257305,6.84549627219988,81.85777946293473,No,7,54.880852184776046
11.774401226974378,7.415804658076859,5.852430804483185,75.45336601652086,No,2,52.29936571867911
16.80697802754207,6.9436953053449795,5.930794969182341,74.70438115950417,Yes,5,55.80720891590571
22.690182832329846,7.572448992667746,6.472261443612435,94.81906449211738,Yes,6,69.7834065042205
14.820869804450242,7.0921862692723066,4.177315181922875,71.25745650148772,Yes,7,54.89529440482682
22.82321827907003,5.460409330973716,4.394631414811191,82.57548627706365,Yes,1,66.58542782574247
1.9012744795512777,8.195520183336567,2.7646962091312997,75.04610967299554,No,7,42.97577782974445
19.10951252187612,6.407492100206425,3.3678542879459004,96.37990647035423,Yes,4,74.03785775738372
15.435235341190856,5.132101721608299,5.231542299542284,86.71121539825106,Yes,8,55.408021219340775
13.504963247670663,6.486261806840905,6.407768874337632,76.94141909130545,Yes,4,51.54948743354402
15.458803882677511,8.800911748761173,3.721107448638001,85.07281861499129,No,6,79.94539294968074
5.0621554269955364,8.020266090536191,3.0996214702971767,91.94459079109347,Yes,9,56.21276607854667
13.90164056081244,6.581617438710569,4.001055917713194,98.74354026758301,No,5,60.8241666681196
16.78556285755873,6.580890754817886,5.202413497858229,76.61338012736257,Yes,4,61.403775327248084
22.38947022370758,6.614037938539141,1.1122903677329163,96.58545316388035,Yes,8,76.6530213241127
12.408648908631763,9.49209758027301,0.0,98.02912342502471,No,9,68.4969477768104
10.957531985534061,7.458322542677864,2.898926301016833,97.49261633596198,Yes,4,60.37047313335955
12.491214782077318,7.516049976629284,1.5585751481716827,89.0624307058573,Yes,3,69.5429234378116
19.57701058851037,8.236340144838211,2.983719604705378,88.89461963304123,No,8,70.31311375074121
16.643755548298422,7.286546990831816,3.704439362365057,82.09631899551468,Yes,5,69.33517345028628
12.351198981164806,6.689149425015156,3.0935031819539733,92.57193646911364,Yes,2,69.61332070712135
17.56633716556678,6.764380181098026,6.904935068941491,85.93882055052796,Yes,10,62.77423935873999
15.485387746740201,6.914078488703123,4.65348952920464,90.32314213684883,Yes,9,57.25275333850427
19.843224952664446,6.95533331618819,4.600948719221657,82.85373711546386,No,3,72.29470492958824
11.489734530613237,7.873155452364376,5.244414288086804,91.94489392129417,Yes,2,66.35864342978748
13.361689267011158,7.062335062968759,1.7223337644384618,94.73414552813648,No,1,70.11181642211967
13.039459234339212,7.879168092658695,6.078223574840537,74.39308769808449,Yes,8,48.809920970557044
7.682425259339407,6.903140103869701,3.84847142692908,94.98789146722685,No,3,64.44202025828437
16.48060138532288,7.094362228379309,5.340961234482425,86.20889595370922,Yes,7,62.83890768162087
16.305276360899448,4.602159178561471,1.856285533919689,95.33997727270673,No,1,72.85874609880297
15.025567283212304,8.099593209642977,0.8924824679678713,82.93905119023044,Yes,1,70.33592667575455
13.827064333124266,7.415786171077591,5.6357793160500576,81.37121456149106,No,9,49.49774091181294
7.923146289747929,8.197612131831583,4.752819052195033,97.45182197551668,No,8,53.952450878146536
12.896773386173205,3.524493546167573,2.1958968912849794,77.53507802645204,Yes,3,52.380494268772104
13.286427417366152,9.506049645736873,2.2606738374506112,95.32636975858429,No,6,68.17742236037982
10.988613653891905,6.8324924462137915,6.250869568829539,84.52061717528213,Yes,3,54.95671487863935
14.193571441669954,8.32981938008502,1.6211762142653443,85.4228632765378,Yes,4,63.09826584966058
17.020254284072692,5.752112887449363,7.285345906511926,79.25404844468451,Yes,1,55.20407447295887
24.43092950605265,7.735328686075084,2.1987585307042625,87.19126601857047,Yes,5,85.24672957874598
15.872889064159194,5.735901324191612,5.276783851216766,79.75633588828634,Yes,1,63.55160756631878
16.28775195361382,6.251477247165034,3.3427630485020305,71.17808242724956,No,1,60.94990238493263
14.627770421169163,9.296837624640144,5.206374862164687,78.15995816033069,Yes,10,54.567113427931545
5.406143923504793,6.771181119083984,2.911771995771615,70.19137130219772,Yes,7,37.63644500408477
14.867430622753915,7.260919447815668,3.6744141878554117,99.35064361170569,Yes,6,67.18900773280393
15.301151049705132,8.044081276826505,4.081838350791442,98.97241629459242,Yes,2,77.10621272485496
27.31621056242643,7.594818265567126,1.9956250884370546,81.85465892416914,Yes,2,91.42277020994683
14.038195176094387,7.180502686172292,5.4816486908402515,91.85112563018939,Yes,7,58.54039975345981
16.507736711668063,7.437953202959471,2.9735728670568298,80.37418295231275,No,1,65.4318322513015
14.826441151473784,9.88409870228593,3.5428001693199627,90.13279471257928,No,2,76.76020066544261
9.156609811902339,6.930857443559698,2.0113012507829753,94.16290129137937,Yes,8,54.41612708462665
20.714114072575104,7.241318856057961,0.0,98.40268734076722,No,6,80.46253262986964
18.759665163433873,8.260785275209134,3.617944474799662,82.00636827549016,Yes,2,79.46819589291835
18.955159735215233,8.32663111954958,8.825230843225832,93.49893948868143,Yes,7,69.7195086465937
10.453062726026305,8.424436366672456,5.569208575796048,77.97785351896357,Yes,4,56.20991079861776
22.013971554680495,7.7664762664350215,3.9614792405312107,99.70996911380945,Yes,2,79.29124077838438
7.990744686038596,5.628394104723419,3.4742183415834647,70.77308796293053,Yes,6,44.00059623354609
17.934285469001352,8.960117838761315,4.044931785624093,88.10586419503363,No,9,73.72729996313275
25.952278129049894,5.624385528377575,5.09423823035042,89.78517944953981,No,9,70.75956078574694
10.047318374346558,7.36316255828684,1.6383743693823103,90.64136671222386,No,8,64.68232544799987
12.16851135198614,6.094868979976771,6.228643389337744,73.61162736367267,No,3,55.76260649745642
15.498256825438206,6.923033984088409,5.430762630882488,98.15589350419391,Yes,3,75.32611498230607
12.482621729419003,7.394514892364176,5.436371451415869,75.43549837150249,No,2,58.45083450264155
7.246682844669337,7.385628658540328,4.876951477619454,88.68260209719523,Yes,5,54.841276335027786
15.342814874030136,7.506304905082342,4.03923331538798,76.68028237369255,No,4,68.04999670347046
9.688481431369475,8.936453522870377,5.34572247193364,79.21649251063812,No,7,55.33144499886084
17.36796215317591,7.5442411618167755,5.1836282674827565,86.39375625184373,No,4,65.6896698026583
10.402878828830985,6.7070120376512214,3.2919185781179525,82.5158025569373,No,9,49.64612014686108
22.749672025087698,8.156904601946028,2.852796454206198,74.80676802929518,Yes,2,79.11450188800036
11.083733538318814,8.427364586709569,4.203712590523973,75.12809207262545,No,6,50.277434029731495
13.389692418971622,5.526870621835609,7.098040302990375,82.544343644884,No,7,48.699356525057716
19.067586086848348,7.71688008381983,1.5217858486921982,92.71848934826502,Yes,4,83.08448477901084
8.845678417830225,7.841407290773078,1.06494946849512,96.93893940543366,Yes,6,55.28517200844769
16.137299673020646,6.642923795968009,4.329521682473033,72.52382986778149,No,7,62.466436830032094
21.53571377141214,8.650848175973943,4.101775403712036,81.79311722678203,Yes,4,80.98477175701048
6.962583827193862,6.819933295560968,4.346683328740816,73.0073669116863,Yes,8,40.337572287934606
15.923169292661521,7.150691744165851,4.487906395817,70.49777441897794,Yes,9,56.40229678475982
16.299413971242117,6.792313810859357,3.5535954907303897,89.85156047931869,No,1,71.05272734726877
18.90911435888655,7.018694857097761,6.979726877204165,88.07348325899764,Yes,7,68.59017314262178
8.81524644560959,5.684469895725758,0.7981920430469689,74.89057341444659,No,9,51.12371828001673
8.397716934578618,5.271938940886847,2.343005950439508,77.01438499279192,No,10,37.46738493281051
17.60970782808449,8.913406075869966,3.793490479701905,70.71123260933555,No,5,68.64138390983973
16.48492336616593,5.983646382018007,0.7136223776916655,95.04841617083211,No,2,73.81292249151628
16.252464251729382,5.810329180652431,3.6482911911358578,99.24071788145655,Yes,10,63.4596999771764
16.732241047484877,4.415931863675542,7.322940331456037,74.06378610384073,No,6,45.866607570889144
11.599876392107547,6.233245902772597,4.041772976591924,76.94425641295895,Yes,7,57.69052072187185
16.161268485805017,5.412292247911002,4.461401811437367,96.05228571840803,No,2,71.6616921983025
16.465362366493405,8.970418192163642,1.4796704696548395,97.79391393868555,Yes,2,79.06306424524931
11.42824290986816,8.211780507211161,2.767277183921045,82.58882148420432,No,10,51.21798602298938
24.328872555723784,6.174219585786732,3.249607239352126,71.51867416807222,Yes,10,64.11922608234183
17.36916460455894,9.70292296641317,3.364569806487532,71.18175501078458,No,1,74.47491220181911
9.043482513986756,8.178118584389914,6.563287590007537,87.21849598207031,No,4,56.01381061555663
18.28276804316915,6.610202339789653,5.115382121450249,81.78685326679538,Yes,7,67.00385733784361
10.126591648863393,4.000713142151712,1.777084086125936,70.85957282732963,No,9,45.029552219140726
18.93542301871226,9.74913108710889,4.49300955686401,87.4975717693767,No,3,81.91375272130692
20.79297789503702,5.332513039883684,4.99644349699357,70.33907609767067,No,7,59.469136238284406
10.896588408241447,5.02552150365173,6.2802980770425325,93.6211587444782,Yes,7,44.379507832875014
19.81688064622161,8.227084518411568,7.1610813731367475,79.19298468110115,No,7,63.44580995350908
17.06390463468249,9.927702887607127,1.9698116163442627,71.20774009027696,No,2,78.1838517422706
19.11030079997245,8.661127382212621,2.3782849775793236,87.65056662949459,Yes,6,75.60497712682049
24.483964913269737,7.676690944062831,1.4848442821707675,81.93053243299164,Yes,2,86.47498275449716
13.773059419985648,7.713705209998343,3.5319602817860374,99.21401240071448,Yes,6,67.05652343159653
11.231319178212551,8.02409867053637,4.932716748892669,86.32595987511107,Yes,10,49.919286876197795
10.552427851872384,7.910714307744118,5.974669033178204,78.25717543111026,Yes,3,54.45291791366123
10.920948575172808,7.337429708763251,3.8480979527149546,91.28316593901924,No,2,64.70230635333321
14.61449145292948,7.125041324742251,3.360304953490312,78.14476007628134,No,6,57.32903621368115
16.70575987408322,6.924888246520573,4.303515984497481,97.12729874222696,No,2,71.82366096814414
16.383453996650097,6.095242493359988,2.329714196739954,81.2416591152213,Yes,5,60.05752661140977
19.13591624518012,6.663189907759871,8.179077443389547,86.49605688328616,No,2,70.16863539565638
15.065009459389534,4.9684518229655374,0.7846779457638826,71.51719311472687,Yes,3,58.27068104339092
22.267670385786584,6.8819924478463,4.369481157791449,82.78363713856692,Yes,3,79.97674199753996
13.67671583381022,5.813690671418899,8.04721243845928,94.97090618982985,No,6,61.08183564966924
28.600845832948096,5.675692819341075,4.013599689119996,94.16946416090026,Yes,6,82.41370306956797
18.12833673882503,7.215872981384174,3.619921929997011,76.72955676560579,Yes,10,56.46033244275539
10.714212217918586,8.670402743613518,3.2851091543791457,76.78237213031689,No,3,52.18901879553636
9.645537509694439,8.101979927202775,3.6392166364751843,94.5191593663971,Yes,3,58.18394658228748
17.412362076215928,5.115399275652187,6.745696949353061,97.91195260507976,Yes,1,61.45793762186204
13.882686073370746,5.812446236115595,0.0,72.8608276381901,No,7,63.013354265467164
18.57000247046046,8.128925425585859,7.066867402592651,83.50175918278676,Yes,8,63.44101818778884
17.366188122867726,5.821015127754029,1.1520856950997098,80.12362836892687,Yes,2,70.48156090497578
14.635855436715635,6.730440220003571,3.4666953415311705,96.12065366372317,No,4,59.146418122534385
10.766031409657975,7.660062518829462,3.1415111594026763,72.50574744040057,No,10,44.79736993174778
7.425763876570677,5.837986654163638,5.177106539541439,76.33377827674113,No,7,45.04978305743455
12.767425239664895,7.126450607375152,0.8037512962325049,92.57405012759483,No,8,65.93835393415475
19.28199397161736,5.399169406098155,4.9243453321638855,71.53881546943647,Yes,1,62.0611015474578
16.07046872065102,6.278358827258543,8.048619246573704,84.77606142142868,Yes,4,59.8984652822343
8.77130610644006,7.3837383209710445,1.273651990814379,83.2632110403916,No,6,63.55430261656603
15.86590462925591,5.088407519761997,4.379412335220791,80.03203536966245,Yes,3,58.079401534174444
16.926586898644185,7.528569685552479,2.676035644406782,81.83716945956772,Yes,5,68.20959808969667
10.580712818994336,6.976434641287983,4.851774412386072,85.89821760790699,No,10,51.16416893122037
15.76862552972764,7.662987945300578,4.038295554831504,74.8410207516515,No,9,67.25781166735221
15.29104359223,7.268696960877594,2.717026181911381,87.15987634850778,Yes,3,60.499293999398915
9.285148510846884,8.636968515968613,4.975744569742148,94.16296987899959,No,5,63.45460721233371
16.788936801741418,7.1502694031774885,7.608696219573487,92.80482789370477,No,8,60.30875654364127
17.80392263184117,6.484713350649696,3.6181924165454027,74.61699714081321,No,6,63.60426446062989
20.415256215876383,7.146757003638741,5.439515884296364,74.47748409224421,Yes,4,63.49200642738567
20.269010260174515,7.651957634843665,1.4134540842576726,78.0452310323474,No,8,70.43546064048958
8.111653160214544,7.058632084390845,2.0871272463639823,80.83224179023111,Yes,3,58.86190811570738
10.310874800424386,7.048710029444659,4.9448125557607545,82.25366744225448,Yes,3,68.02397622168426
17.5751763360433,6.157609974631893,6.96823205707193,90.39091650500036,Yes,4,66.69295271464522
17.568929754561044,6.204518898938862,4.71122669757132,71.70041296497506,No,9,51.08575462669973
17.575238431530238,5.316873673840368,3.3738839389536914,71.04018112678199,No,5,56.31524964608772
34.26365745327361,9.099492091824327,3.9985828108467083,81.75731688831726,No,8,91.03561251499265
17.854452553465833,5.507364117530458,1.499184532060565,90.91491076413942,No,6,61.48470394106975
20.677828200902994,6.168513762644912,5.209030652710734,75.80306028869448,No,3,64.6253440775727
19.770008817466014,6.137911281316963,5.764666124646818,89.24513443768755,Yes,8,66.9821623448832
18.25695625652899,8.07390925233333,3.0958193343338394,77.79484413820899,Yes,9,59.94748769310246
13.423653776798272,6.646060386049567,3.0599157044809973,96.58258326440549,Yes,8,66.98772198356438
18.794846102466337,8.497290487208481,4.531756459304097,96.8706983279985,No,4,79.3372392983013
11.13587392731214,6.1918112509073575,3.126560527918809,78.9186161284398,Yes,6,50.12401138985016
13.815906966299956,7.334792994668562,3.867734770748355,76.89981261889722,Yes,1,62.45304727820631
12.573182260854482,5.997583536088291,8.199443578333032,82.33911916198694,No,4,56.883501759361806
15.409370696931612,9.574178953328065,3.5059485985080068,77.21594755540445,No,8,67.61115080714083
26.573292833367542,5.574881897164585,3.2833196959575557,90.1715152987511,Yes,1,83.97590518811948
5.663674037041259,7.371784852272433,2.7049163887296817,94.78194053644856,Yes,3,56.82964154988393
18.43130095187257,7.760532257118518,5.4883839429998735,90.19276392733651,No,1,74.1992480088466
6.936420644051742,7.496558916941797,3.637551653563794,94.73051341748048,No,9,50.53485191330939
12.640340671052833,6.77765480934675,2.701253923357148,81.90976486622422,No,2,54.19767506852403
20.444752984836832,6.844215160319888,6.642608064546025,74.68950912126583,No,9,66.8582705718812
15.321400095477314,7.052573766374931,6.839206009027274,92.13852842192776,Yes,4,63.8314369111811
9.611276110353469,6.823597598045813,2.7991528685225897,80.81423515424662,Yes,2,59.19546198004965
11.423481453700159,8.156654940153892,0.26692009727876753,90.13812475687398,No,4,68.95009828825879
18.39798874467338,9.652627601909622,6.015027379673844,78.11931825945297,Yes,10,61.01327115315619
11.348166841414317,6.331009857990599,2.630740348479992,72.43688904420019,Yes,6,51.134722078262975
16.082292947909874,5.356236424505107,5.581251198325537,99.7774538646329,No,7,55.65555618271519
15.227859199519068,6.894061541978494,0.05979236457632897,74.68604523791798,Yes,3,75.97001819474075
11.741998261970915,10.095651205185183,5.785194676598619,99.65262981890443,Yes,3,66.09733732489359
25.719720446626628,6.035590518436323,1.5776561414384376,99.31839797699342,Yes,10,76.90156680928175
18.169595111590056,8.966940166532881,5.461528238133049,93.81454311724119,No,8,69.24423115586858
4.874287066711965,9.013240976891728,4.028546135672868,89.78268886245993,No,5,59.86709228318145
15.932271573847139,6.335694109950406,2.0921211612067103,87.33421150753254,Yes,4,67.59118149390028
11.69106767615806,7.68277969502233,3.185927374146439,95.98304636133504,No,7,58.41333505098543
19.26216667398112,8.954075947754246,5.372636913913402,78.68318564858464,No,7,72.7101122119504
11.037396307836497,6.545046710815016,4.211788906230469,84.03043637454631,No,9,54.137204936407045
14.426317792665506,6.755703567877166,5.168825960944968,88.58169908099507,Yes,9,59.36191612853756
17.524936394902287,6.301982903261628,7.952881169030971,82.33571427608473,Yes,5,60.91026277207829
19.328775970850607,5.78229192316856,0.8715167765778973,82.82459362270804,No,8,76.84890365074347
8.998517964721119,6.2208669459207915,7.234425149937248,79.90854002506254,Yes,10,48.90210217714725
13.327493820795258,5.531271679885292,4.208711875046426,86.92695450053608,Yes,1,58.53027254653774
12.62527344419522,7.040900161911071,2.2024319033537436,95.51723584045348,Yes,9,68.9389470234659
11.73335383713144,6.07603212272963,1.3393727485220204,76.04585134018939,Yes,8,54.732065234849564
23.827271201405484,7.280543094148897,3.621759218445933,98.03299116260324,Yes,6,83.71920543940388
17.024908554804778,5.132925224555647,5.843300223848919,90.67262961244688,No,3,56.104694076228334
8.695580228324774,7.397056278657349,3.7449017592449314,94.6981963804009,Yes,3,60.11639389087072
19.58930973527388,8.000234753930709,7.022309860494695,86.68572077890035,Yes,8,62.27408064720944
25.610780985063165,4.607517228914253,1.0976486198968822,93.3855010427219,Yes,5,83.95492729669706
20.162326302755734,7.448867883817087,3.9758221043078907,70.48601192018401,No,10,65.3806527768993
7.403150170229933,8.473202790967951,1.4952131111737619,94.55141274338605,No,7,52.567532259293316
12.578829635668743,5.5484307775705535,4.727263765249936,71.204165772561,No,5,49.04195260256191
21.334555745933113,9.007086864205244,5.773774780194601,96.69740129088588,Yes,8,81.02529514465225
11.461652671906096,7.5028228112392545,3.1584764126378935,99.7588824171593,No,10,60.36865853461038
17.219097140731144,6.153985773089909,0.0,78.82202386530334,No,10,65.65867426995229
18.873170267146683,6.933077106810753,4.397896293592989,76.3095566885738,No,4,66.97408827329528
10.365347642109585,7.669992295026066,4.873477103467019,92.96090091574122,No,2,63.96378783963601
14.702373219691,7.091206469694894,4.8085895099233955,77.5907902276076,Yes,3,59.519747917658506
1.0,7.646507190935643,6.471564383644308,95.9668714951661,No,8,36.42934678339624
9.878061793328552,5.89519168830476,1.8578926407019023,73.0852777647243,No,7,44.516223465891485
13.737159243034199,7.203232988843293,5.360432210900899,73.77865589138075,Yes,2,60.92204543468174
8.761084090175753,5.303542603714024,6.385015024955949,99.37454665301847,Yes,6,50.65061179039768
23.162056519658176,6.86652872638156,0.4428248319869663,90.21516694810015,No,9,77.77718714827188
7.849293110196837,5.915310830242253,4.639303651837954,95.40661673286859,Yes,4,52.07034778700199
12.79977756651508,6.117364068892281,2.991640337984657,79.72988132054554,No,9,51.67681316132154
15.653702886430457,8.483311810252525,3.8369546537967083,90.29451248561813,Yes,2,77.23885404678174
22.206366445330577,8.309572144713123,4.695352967076673,87.82725481925792,Yes,2,78.83037617939472
7.8206892441028035,7.7309657450886125,3.0255428717728954,88.09450360368841,No,9,47.39367650948549
20.815818760774796,5.689224682392905,2.6485838416767766,90.47597378613165,Yes,7,73.63891070124265
15.051165305097935,6.620309860366238,4.0683048349760496,87.26077519387296,No,7,60.109868778188726
10.092456744760245,8.45571723997502,1.8255081222743947,82.87187107907998,Yes,1,65.81404792742943
17.310517371316354,7.170060296367886,1.828349742229629,78.2776808314164,No,6,72.88978774271442
15.995298477867351,9.783195447978033,5.358746565913007,93.05743992739606,Yes,7,70.553550229433
11.998915614206027,7.471981407273246,1.7024119296826878,76.78817290009559,Yes,6,59.996712897481245
15.349010424950094,7.230458939788038,5.332625001818424,90.77062918463243,Yes,6,58.69328319282727
13.0734320156912,6.6290602429569985,4.925182585707902,76.9999846794798,Yes,2,56.71634081475553
15.56758672625624,7.160249085738739,0.5483865424188066,88.75990509863362,Yes,6,72.37148921039085
18.310653372605234,6.817036196343348,2.64487069532869,92.41234801387087,No,4,67.28470877695656
22.93008408072676,7.849730412026308,6.388218806094745,76.56141666719617,Yes,9,66.8650709813551
8.810922505865754,8.148042780153501,2.0376689377206367,71.79829902583924,No,1,58.652471203516356
25.665166873281333,6.05681264739046,3.071191475381225,73.92921228982522,No,8,70.76982945360616
5.239561002387491,5.4025204557306665,4.924121786503793,88.17990901813076,No,5,48.40005916503748
14.241074524822084,4.796553552276045,5.566781018565191,95.48339218677206,Yes,1,63.533935074178366
17.941586032422883,7.609589592295053,3.496922227911009,71.34990463706274,No,4,71.14321913575631
16.404959338675162,5.6759600725913515,2.8049796106167166,92.02453777124938,Yes,1,66.42532681968967
11.886502400897031,4.416531288457021,6.844739723397016,80.23955937850157,No,6,45.2434942576666
13.959388748213623,7.466294325437157,7.477799327595157,84.35585109758567,No,2,60.46832752911467
12.534995326705836,9.991599420919348,5.957716101563591,97.86578649536696,No,5,64.71421401313822
12.053176215278942,6.992714906152128,4.1706362851300485,79.95914514207536,No,7,58.11443522579919
19.248010485105123,8.00618892934197,2.3834685567181473,83.96010801818458,No,2,86.1950216466205
16.785077429825236,7.098195230257078,2.3391111868868695,70.41047244282043,Yes,6,61.5106021192431
11.53545202369673,6.881332416170629,5.045028210531515,72.44796160014515,No,6,51.938235753327525
19.497999377166252,8.102891779585322,4.836796441777367,77.75774773404352,No,5,68.69020684892533
16.536497604383047,6.651670546973619,6.803197185892859,70.83556722463223,Yes,5,51.70901520539353
19.0643105941948,7.3208707768862835,5.300900185072278,88.94125978144753,Yes,3,64.24075535727044
18.14814420961806,7.386037367435216,0.993839396480364,82.79195070404867,Yes,10,64.4902369875326
10.855024945389639,6.1982914556283415,6.103895235445837,86.44435608184065,No,10,41.6323321129159
12.199094799015153,8.190450819443827,2.003878745371174,75.23941557688988,No,2,70.68112567206796
18.736468025616308,6.79004829196551,3.232057456095297,78.87796088309848,No,7,64.32248216174173
18.051851327167324,6.093105808608587,4.500400412503389,89.91473424558176,No,1,69.14215727556139
14.895492030179259,7.6438118122844845,7.991334979567929,98.959081708912,No,6,66.60601308934423
15.58663691654391,5.921838421850755,10.219837112010723,71.51250320806628,No,6,40.97279263322963
21.388324478942124,7.033817388842954,5.2134461182723655,96.71152962565799,Yes,3,74.464016711357
12.042143055820851,6.989057204026956,3.633606762559224,87.30643603933626,Yes,2,63.280310942688814
17.735486905850188,8.303074678997893,5.069011296961101,86.91758700266871,No,2,76.63951087758977
13.98903673783053,7.569637879455943,5.775310851747673,85.00835605623281,No,9,58.254766130932424
13.911593983863899,6.969967649505827,3.3586647488856167,72.08182257712551,No,5,58.08034257714572
20.49388425993595,7.981319559040345,7.590422711824644,72.69630555208482,No,7,61.699484381545815
19.12708174494015,8.668249058820775,4.460141518382804,88.02736016977258,No,5,75.4829204769041
19.067548180003193,7.669372367622235,4.995486178182788,80.22875714306674,Yes,7,66.1796383995299
21.527394035771646,7.012423143812057,5.3318485041089225,97.51804199733041,Yes,4,72.71170385684864
15.105019208163796,5.425796521179809,4.843173221228911,82.19771612078416,No,8,54.02066361819812
18.40976485647482,5.7218636043095525,5.677881000939225,74.29844376107923,Yes,10,48.827107662837946
13.44866621703272,6.633730354774399,2.765493626906154,91.44156500506108,No,10,59.51004094575357
16.62083176244221,6.268585357408861,2.8833964921079387,78.80060264323029,No,7,58.87526559036272
14.349284728161576,6.775634436417465,1.7996915340566102,85.7641092206768,No,10,70.22664606160328
15.484979824963592,7.067979909876529,4.879002461240453,90.93498356515511,Yes,5,64.79333171133122
17.97578512718457,7.635631305228077,5.557873007024228,97.0079233360621,Yes,6,64.9021575126892
10.908896583832638,6.91540146632909,4.915545732303771,93.76573584405028,No,5,58.24810343802843
25.461936378427303,7.583801972591442,7.348984866695075,90.29083203618173,Yes,7,77.32269999610118
9.96991309250149,7.077369297772144,3.988807962341907,90.38899547185432,Yes,2,67.51413491302154
8.92905693606134,4.629440120375355,5.337483311185025,98.3777393209626,No,5,48.95424686688304
20.790554367500338,5.872797527417495,1.8165982477213714,78.87472292489608,Yes,10,58.36310527207606
18.95831346981468,6.827094933134061,3.225800595051198,70.03336282588562,Yes,3,68.94719982105855
18.120599085260775,5.548366308590671,5.391075515131555,78.15863678194596,No,9,49.70626101585029
18.1417275463214,7.719914475995445,5.698204221486288,76.53674138880231,No,6,60.83514596673227
14.938766135765427,8.836900998812437,3.4120661046716356,89.85503755341995,Yes,10,64.29383562299579
10.513728142570843,8.46251422203678,3.8568014962838664,89.01134799296587,No,3,63.467680908508335
15.379022790968632,6.7438685548837505,0.9642525066383811,87.80384148114172,Yes,7,69.3600212344588
11.614191442439441,8.788871364219942,3.2859415983867812,70.48730329628361,No,4,55.92493736599675
19.875598667088756,7.178400948642534,5.780766327039572,91.86334163351943,No,3,71.73867052642085
14.264713092489307,6.595496834658353,5.1504100322131325,79.70591237456475,No,8,53.98548021508849
10.872514016037442,6.263916803750872,5.001331442762419,89.95167967019893,No,4,57.04562956744444
13.393070791735033,6.637036376214246,4.09954737436192,86.6973528550646,Yes,1,64.60312590745282
17.06465727137812,6.534187817750525,4.014126317256353,80.28192776283721,No,6,63.76806018158416
12.181377235980126,7.204499466850585,2.6793577210531057,74.03728801312323,No,10,55.25455118333324
10.888898022167844,7.192688777259837,5.3976568404050695,72.83256692981443,No,1,55.922146950323395
16.218436057459563,7.003655224184097,4.841945888778779,94.94554999336671,Yes,5,69.36643540486497
16.224832855543614,7.5243258036956195,4.984037695985599,97.55192626244674,Yes,7,61.36388508656886
12.46528412314435,8.428775529743609,2.9479303146648395,89.49364140292899,No,6,65.34633689491261
12.644808471908386,8.139464962529589,0.0,73.1030234458145,No,2,68.4751146845188
16.16024968678818,5.218122437860115,6.194305423507391,82.06081650664723,No,4,59.73431387051217
7.759578292513379,3.935294638117654,3.042325087983192,91.86817600315472,No,2,48.89198370641613
7.962681128117223,8.121183893487128,2.2744484719137588,93.39462652030204,No,1,62.55700222658925
11.40777889373782,5.359745561901494,5.386957823827988,73.54655866873266,No,3,46.55281627597716
13.932764241440763,6.73028151772878,3.215974720161741,70.00092156536147,Yes,3,60.04691230195044
16.554537827990025,5.595864368728769,6.119872768093243,91.36411137641815,No,7,63.32282728193118
22.376781084747762,4.837623474903976,5.234011899153395,80.69788527958617,No,1,67.45752614831956
19.288298116010097,7.649755273845746,5.367138646400955,77.63443994854781,No,9,65.6917526229554
14.200307350182864,7.910986192363176,1.2680885775989315,70.38692409368576,No,6,61.824482513916514
14.904918960486556,6.308187519127936,6.423887970772801,86.208982202845,No,4,58.478465054878725
9.987353176810956,3.8907492494261082,4.522501062467712,95.53452206277944,No,3,52.292423200920034
14.90743432003805,6.344506662097021,3.261445721507594,98.72894938817764,Yes,3,72.80827476671791
13.556706805399308,7.470164806483056,4.286776934684502,86.97234851839868,Yes,2,66.6715574967876
16.613592801690448,5.225306117471046,0.44752953420336006,85.43383983219682,Yes,2,78.58919783837754
10.863845282238385,7.220031903734987,4.817305622961341,72.55169156467723,Yes,10,42.731667302134625
17.596732571205862,6.981628180992406,1.9412569836358569,86.46618404627799,Yes,5,72.59616426046713
22.66369456501289,7.695149799521306,1.2946594283129311,81.39937236896183,Yes,9,72.73437211219189
14.456199257715712,7.143496442096984,0.9552816275642178,88.21405842650731,No,2,67.91859297311805
17.008558610494706,5.832317270942133,6.2253767499798505,81.6617904362964,No,2,61.376813594506295
18.450719958555563,8.43588580199739,2.7414732126144226,77.208973703511,No,6,70.08658402293773
12.993897640570818,6.809764512367636,7.067455419832998,72.84895825685129,No,10,56.72635213500671
16.120462409052084,6.967234552588081,2.9283970738954044,79.44755333766687,No,2,66.24862245653918
15.062962003908975,5.8800784491121645,0.5852840848141065,72.89934502863257,No,4,57.05573609493702
15.48838049274416,6.468061298570188,1.7669511201026817,75.30690852471952,Yes,6,61.967103585253035
11.134951080722669,5.938236743167719,6.471623240013877,99.62008475738638,No,5,48.39005737175157
15.122550871294713,6.792464728091892,3.688203644126665,83.32310670719856,Yes,1,66.09409821344416
17.489991456227248,9.054050176170811,2.903425407018798,85.95615299515049,Yes,6,72.96153684148054
22.25571803897521,5.353718628482373,4.320036451705575,96.20855586211647,No,1,80.94964282873782
19.796354130426035,5.063726322547911,5.00356547233509,99.86706701472063,No,3,75.68981459710584
25.765912287557782,8.76540439299233,6.234797631804922,87.48143348034044,No,10,74.18847788261542
11.163262185559752,6.7488115874177605,6.896998459785852,94.37421463132515,No,5,55.41865435121558
19.361603183603393,6.1971127136081,3.2804627084218287,79.80823073010026,No,10,58.47330146639001
15.916710028691758,8.247885624875291,1.3479046278359235,79.17231872341873,No,5,64.62959943360869
25.94901466608836,6.273261352315763,3.173069677753448,82.08111162983681,No,10,73.91909463274904
10.958508573224243,9.191211656256323,4.520561013165772,90.17521788020947,Yes,6,57.61069543842589
10.80139078909612,7.813511045607123,2.0724821475787785,90.46575067765296,No,10,57.15493324506756
12.00303677277989,6.414506310225157,2.0856981702099144,79.45718303948352,No,8,50.71445105561432
4.380521378450965,9.588769855918605,4.687575763099771,73.99629772409887,Yes,5,50.30859489762389
12.371224891596196,6.273142092395994,3.9026952968590978,88.97188769396526,No,1,70.18012509774769
11.20433669223151,7.890514446411168,4.065593990823173,73.84977586566293,No,5,49.767958583192275
15.751968932381038,7.35915109648779,2.4830093305998613,87.35477524687991,Yes,3,62.83115331105292
16.708779878885796,8.562089547278557,3.5391985715884653,90.80266384168927,No,4,72.98111382441782
24.380854196079433,8.873813436072224,2.151533711463391,91.01834489183355,No,8,83.99864345766909
19.75211919093025,7.03840497887892,5.780396822249574,92.6041633197879,No,7,69.46989855516267
12.115481721687985,6.09589855558458,6.070498669447505,96.18578264696994,No,5,55.99625196517276
10.50792664325821,7.55196657152694,0.30762427552381233,84.99876975894365,No,2,65.37732068869467
17.459595857532527,6.186741556297473,2.14097827961518,91.90747568588714,No,6,70.67781217413696
8.398833964896788,9.416064697031947,1.0069414898198419,88.5751820609751,Yes,6,68.21979685016468
24.15729382927177,7.163842397299285,2.699952131186204,75.59919819393048,No,10,62.51510273667562
20.897200603606436,6.56161413842547,3.8331240604192782,70.77068934608225,No,10,58.83266814315146
12.654121739476476,7.22161636703789,1.1007095606029398,78.53624157030801,Yes,6,61.65389098979248
6.434327354545612,5.383448452564364,2.1562803737493734,83.29101119012859,Yes,9,40.52019166021377
21.769361870827062,5.834063153787218,1.992085255837003,88.5131783328597,No,8,78.58102266716622
14.42730077373691,8.44049668953331,4.414534658797888,95.49877991509616,Yes,8,63.77826334136531
21.189081559867308,6.211726865234326,4.138688674072501,75.88737150118497,No,1,70.29468434422289
7.0278617060281645,5.743706820781672,2.556524893325493,73.76649369695431,No,5,47.79695813715908
12.003124885231136,7.643983303032743,4.353641744278796,98.90439842422983,Yes,7,60.78080318349472
15.026218498590916,8.422844985595596,2.906639830825469,73.24133678129222,No,6,55.146722986936375
15.234902968823711,7.86274397279808,3.4566897793478937,84.35473210321567,No,5,64.35145444982906
12.749672642603782,8.19525722296698,7.346904180597074,87.56691186379905,Yes,8,59.736822719655294
18.114249661737492,6.091845893716647,6.680922103580696,86.24123262722316,Yes,3,62.52851861527552
9.661897853087028,5.293827199909788,1.4008375261448047,72.5809647109883,Yes,6,45.272807168747214
14.288102574893532,8.801600382346583,5.6594648357583495,71.71080742010858,Yes,5,62.33396937062355
15.601478158559495,6.612784193389437,5.622793108983184,73.16450282383107,No,8,51.44268960327828
17.572194170293745,6.699000380253943,1.7034734224947634,87.56763051617838,Yes,4,69.53699102420381
18.55807439044445,8.59383297021887,5.637555287509722,86.33034662902963,Yes,8,67.99532409021437
9.376789540810654,7.667476011280792,7.075863836825105,77.01222376110233,Yes,10,46.50796892709639
7.329429146321889,7.547065326497929,1.7549103875111722,89.13322425536775,Yes,2,70.40958528353818
21.388384109492545,9.598002813881301,2.164994357971473,94.60202506166948,Yes,9,84.97984611728234
16.661570059897958,6.227778123543828,6.035322933687005,71.24736879539782,No,9,55.647123381888505
11.257567317217232,8.113408153697485,4.542990621651296,84.94389830644127,Yes,10,52.309079954217715
22.755759877612615,7.068415749876501,5.1029525504790465,90.67931236308071,No,10,66.31850288674599
15.578373171464293,7.322310734635908,4.681178432800993,77.56935781209062,Yes,6,59.92863746789745
20.896485920319133,8.834162111695038,4.781391841856288,79.23312715879447,Yes,4,74.37997692148804
15.337592407050545,7.6094029075475484,1.347055743377834,88.40913708968151,Yes,4,67.05891613479216
25.303739624409936,7.64595529485956,6.094635413242896,96.9380588033121,Yes,6,80.00258995560827
23.77670421221602,8.287008804771762,6.339179984855547,94.29773260908698,Yes,5,81.19017180348142
13.755179257604633,6.562056724548538,3.5412185118639443,87.4939065729875,Yes,6,62.16521913924969
19.85785475477178,5.992948399193192,3.913046100372275,91.90665153271748,Yes,7,70.67939600620632
18.226879747925736,5.74622896717476,0.9377849948885557,80.94467410623396,Yes,7,66.84094311053602
21.843157787661745,4.640372092748798,5.0285095120356695,89.22896584296274,No,9,61.48645434541598
10.175382697099478,9.467448555928387,5.144114883428288,83.9854477338267,Yes,8,54.754099697263065
18.430257299992196,5.67614996113398,3.875617966001378,75.69808409372683,No,6,55.50576194933641
20.29212243424794,6.734495651697074,6.248706719741005,91.05214821631772,Yes,6,75.46132214427055
6.206302567884428,6.667824040133295,3.331845538040119,86.69393912046466,No,5,50.712622751762744
9.083707436671125,7.368888037370921,5.1292118517872005,80.75864745860774,Yes,1,54.758010231016875
4.803839111199498,7.978884655047156,1.9606713226157688,97.34017570235892,Yes,9,50.432865275627215
13.652965827777212,8.032568186031694,3.952895698251524,70.628023534802,Yes,9,65.62536668259969
18.58771127897981,6.300307073717274,3.6512914841943283,79.47319453748489,No,9,56.65136306257378
22.51178526048014,6.799453943456307,4.4506158440818835,71.7064419333294,No,8,63.057574054145626
15.370473902098876,7.33909594058596,3.2609461423332826,92.99581948664881,No,10,65.37370663091706
23.143077727856458,6.701570648579743,3.7370548086566644,91.06322362341378,No,3,81.68910231259167
8.099492708925542,8.928814691223991,5.652094342883013,79.94056656208951,Yes,1,60.80108912282231
6.483087803224226,7.589169941965902,3.126471525523565,90.26988706621219,Yes,8,59.34623812902767
14.722261505516906,7.881853343259781,0.7868457985226414,81.87811678587849,Yes,7,68.3836342548351
16.920327244696537,7.795457522400895,7.499167808410841,92.68761374267302,No,5,61.47130525763332
14.836526259529535,8.40816862898239,6.7629081573809735,83.62550988210118,Yes,10,55.55327217803216
4.662789499800617,7.217225870444448,1.4154746097887627,82.36839183494996,No,7,50.09272323516443
14.554399802436057,5.443801662452984,5.379415610490389,98.04189746464903,No,10,64.86164359593386
8.477652497475734,7.47962554210317,2.9940504588973136,77.52637299672101,No,4,48.343794198116775
18.348362744150194,6.218371727449805,4.526974430662119,73.61342019989696,No,9,61.533685889716324
16.83299123048424,6.365659981900292,4.588448258026988,87.53629339778374,No,10,60.01513925073577
10.300601068363225,7.703636822506112,3.531184399367356,99.07965436852537,Yes,2,70.39640094808716
12.430665413316532,8.485939685720362,2.432468668827207,81.3351764118156,No,9,59.3382360292174
9.703932390555241,7.025525892083274,2.618917895367481,71.86110290886344,No,9,44.5660471160299
14.68660451363414,7.370599615118756,2.1676161690375153,80.17915801928703,Yes,5,67.28013588001197
19.775711602506192,9.042657933562285,2.3363555835391105,85.17794962958675,No,1,84.4545828226135
10.071369768322281,7.2889038153862815,3.8656434199012897,74.85769019896641,No,7,54.362153003642646
17.520232577589223,10.122019737016474,2.5684800217784964,89.74306654169476,Yes,10,73.57668625142064
12.348711908137796,7.678611574757853,5.36410413142524,99.93248167030602,Yes,10,57.247145176806484
11.035635838688279,4.887084689013019,6.974492310671854,83.55218427944331,Yes,4,41.49515274623914
14.46484820022721,7.904009945325439,2.839893517259914,80.64185670190638,No,9,63.73169264108471
9.823788387903129,7.457390061859333,4.478809001070754,82.021125005034,Yes,6,55.16495216668643
12.231753473264089,8.547703304899295,4.999370220605868,73.45438535185603,Yes,3,54.73645675052214
9.010610537055758,7.80781762152395,4.944004541838549,96.49820804278671,Yes,6,56.06444157056387
24.823625664581947,6.833852819219471,4.151910535832175,82.44476966564056,No,10,69.20307735962379
15.176317759858643,5.530842116452761,5.4853648367194445,81.61823234274524,Yes,6,49.07888988500913
11.501372460037071,6.74917209125677,4.9644979053613145,89.79070818791423,No,5,54.32379574890072
16.06989955367111,5.97937545494884,1.5246751553454043,83.2610026279337,No,2,63.53535485880874
14.438359751545851,6.303371860234333,5.738312128778547,89.44700406423539,Yes,10,52.9373866628792
13.895152002333885,7.706294085304732,5.774581674533485,71.84338870392362,No,10,47.22915619321363
18.070833500217127,9.003885405221688,2.4734277916428367,94.41170031166682,No,2,75.1624825171154
18.787538550236526,7.473605835787577,4.075875670895204,98.21511858638208,Yes,7,81.1279172653117
12.347494261947363,5.564940325557779,5.366657985622139,89.46296158478158,No,2,63.17895278641184
12.1209087967766,7.533523201864169,3.581372360841277,98.63697786576432,Yes,6,61.98182611878918
13.62474151424178,8.435957783974782,6.145956095532023,74.5429694310989,No,5,58.21494594705559
3.4903941763220754,6.268260514816742,8.727744989238722,84.32248568441061,No,4,39.213479700716306
7.424044689007239,6.839179399992498,2.4280279347300353,88.05420201836341,Yes,7,57.57799785783632
21.834371337222624,7.017625833675036,1.2379107936924503,87.4520994226356,Yes,8,72.14517506189677
23.224838567506417,6.058122024301312,4.607637191209752,82.0438533726713,No,4,76.25707561019651
13.754819802218108,7.777936520612631,5.443125010252287,80.14253228098784,No,1,60.7777751850477
17.882784815278832,6.854862221670662,3.538267252310462,73.80472067651256,Yes,1,61.83237055255977
16.556250772717682,7.503438932688433,6.906521326642069,81.75227351686834,No,1,67.83064714483983
30.39440404227619,5.93500938663748,1.3227884005535024,74.87982445316456,No,1,92.55991040693328
20.597874557172883,6.475050039611908,5.385837246063222,92.03097029476655,No,5,81.16970507772362
14.360412042596167,7.8668576293933254,2.7882783584822133,76.2649280648377,No,4,58.73241476522848
10.222297796997871,6.552600217489879,7.438755812414593,71.75695915853602,Yes,9,43.055275924337174
6.967768398712138,9.072356621480086,7.985030706336237,86.57098413451703,Yes,3,51.14418677089675
16.017318179336115,6.520436577262477,2.466686824433304,87.85689198158205,Yes,7,67.90323011023936
11.218246273578483,7.269621670902263,2.90088572818284,96.15739183841517,Yes,8,55.2310935257902
7.888731452011629,8.119108998247707,5.719175773959604,87.30944837253045,Yes,6,47.42480625891525
11.767135578787368,5.2979611204803625,3.2257387004209708,80.36442561170337,Yes,10,45.099269070765914
9.592259981928025,4.887029425623069,3.9091775641355238,94.09035644578961,No,1,57.69419595173461
23.435708175362823,5.169212422515886,4.05077684108482,86.20836679562262,Yes,8,65.91944970980236
19.408198784747253,8.515100924112618,0.16065368760468735,72.37840853893576,No,10,71.74665074722337
14.960136793416913,6.337770224929064,3.9723245078115257,86.97551680939739,No,3,68.22392918752135
22.39972069445013,10.069839142801904,2.6205444518716523,97.24055636264987,No,8,88.13789493091384
15.386841538238091,6.3229028816111335,3.013754355200456,81.88937876494661,Yes,4,69.59779004320642
10.693578993358681,7.221461563836445,6.887264006937628,78.889774056994,No,8,48.98234252984166
22.615620386348287,8.850531943081451,1.4869862114414873,74.3040837105406,Yes,1,77.6733277629194
17.694550218423295,9.407311465790947,5.626410373495954,74.54336565806072,No,3,73.89134074924603
9.813769228367718,9.473804291963678,3.442074139336383,82.98314453025456,No,6,58.014686233134036
14.048306609581958,8.45003947671177,3.440479663008331,87.87039472484588,Yes,9,66.8266710003205
10.621908733076214,8.228875030973755,5.580743792103423,72.41846215508805,No,2,61.39625671714922
8.08600134517832,7.71103233904142,4.680102589137781,98.18705767075497,No,1,64.48800409288795
19.630887737658206,7.934033291399965,5.141225994439062,92.65400852335588,No,10,62.646544000012376
24.547083202350652,6.33857714040576,5.9363693210657225,87.59871754850988,No,3,72.12915202630658
8.007162130904295,6.018161339893231,3.3373832336333544,94.85316012816972,Yes,4,61.28231361444791
17.814846183452854,6.995950651106858,2.775526530984499,72.4056027043634,No,5,63.334606445643765
11.746787154390866,6.795778452970086,1.8296989468844038,84.30516633199373,No,3,62.90543911625107
12.56437308117652,6.45612634080727,2.3491789400420897,88.90279380584991,Yes,10,60.059522250714224
12.038030378805654,7.835664936948058,9.898188850617451,94.85958718354868,No,2,61.52805095639322
10.68004615160092,8.146366250284613,6.4893591614735735,93.50408680147802,No,2,63.16878008103561
15.242608139724135,7.106088263550217,1.2978512675839573,78.312077491402,No,7,62.17251347876474
10.84524941794481,8.773036097266314,1.3550840865128597,98.22640508677613,No,9,65.20772649209474
16.352284128899193,5.6299730630397935,4.963732123436983,73.73037524292612,Yes,10,54.08150606412862
14.748809452754315,6.767608648864338,5.094529594755934,96.25400855863457,No,2,70.11632295688342
13.805259765667952,6.139813215276634,5.097767670634729,99.12820748813856,Yes,7,60.03285417352569
10.462181689792011,4.760156059512328,3.490088412892604,75.31460569667877,No,7,49.81282159477401
12.116143347158337,6.900783176988761,3.7490914799941994,91.66198192611355,No,7,58.951192053144396
18.77695612912878,6.853902989940059,4.655759048318715,71.20856556333996,No,3,60.393330624063665
17.504585938121902,8.816139691890557,4.171786012586661,82.16268475417465,Yes,7,64.86874022408573
10.112223776007244,7.756974021465733,0.0,85.48849897593021,No,1,63.84120696280821
15.496661527146129,5.770975810804954,3.5404007388496126,87.41935677728902,No,10,56.239933353958
18.756935616858947,9.224911079601025,2.297187131479373,98.07811744745678,Yes,1,90.9180445193994
6.652973594393142,8.465240434630424,4.350422837817024,90.16752061882585,Yes,5,52.46355474484854
17.716800961899676,7.698517244162339,9.97051800520682,84.4383385365771,Yes,2,63.39495600414839
11.686881205270767,6.728219081380201,4.7349633309486086,94.29025108797669,Yes,9,53.33776756761476
17.852993342965796,5.848672915931824,3.372940627655204,98.51598462863227,No,7,67.70691904916261
11.183704217287415,6.553351868714737,5.843603003954504,70.66198446046873,No,4,42.61816042803269
5.975589496677404,8.306498343645023,4.965375774418425,99.47563816768115,No,4,57.189668792947344
6.862287810584187,9.261503567121531,4.840188980903682,72.58396417191041,No,2,52.4456713118689
15.24042473330691,8.851892233926627,5.213701186431342,94.43160337806285,Yes,5,72.10360903249784
16.29861250860741,6.413380693856471,8.113087129659082,78.41004257654238,No,4,56.5688804867021
10.478416874477958,5.656459080053187,1.7382231293481687,73.96538973261616,No,1,51.044025711065935
18.19296229388687,7.169063496293445,4.947264153622909,83.19566919141505,No,8,67.40626660386975
6.6923996886552,4.8778727613245785,2.147237740036923,89.3186973834284,No,3,52.58111594049821
14.669601006763417,7.387801257021738,5.111025292684497,81.42855535070424,Yes,6,60.17236292266438
8.944919001187717,6.822876896441597,2.162626977027811,71.63696224848097,No,4,51.84868576319568
11.740819460989204,6.440756197758109,3.1652663727898314,87.9838341897615,No,9,53.087724013710044
15.23699335658207,5.0863563192798456,3.4098201715241876,97.07209828332024,No,7,63.15669924810945
10.697933173580239,7.61632012788366,5.951633438689418,81.49646097841755,Yes,9,51.66118805712673
13.077222278850874,6.360758992405707,5.836908887884828,76.48998332892481,Yes,10,40.37077813365104
20.0314640460722,5.596099797147654,1.508565247107231,83.27732037798447,No,3,69.93048249312598
12.115540652384256,3.553285344062021,4.109868221999697,71.45088133146342,No,1,47.4522866567029
19.17846056032571,6.9669821139392365,2.580840290501655,94.61462753440824,No,5,76.1844191261246
9.35146572671191,9.126701916003693,1.482990178649331,94.7902243285056,Yes,3,74.30880186721386
17.649020889576413,8.993511057457443,3.565965899151259,87.64001390288885,No,6,69.57740243204975
22.207843103289502,6.451484492096474,3.3830344230883607,80.59308666815168,No,8,66.6113115305322
2.6417774993635526,6.277345527565863,8.853432972691046,93.9935009333735,No,4,37.923144539686625
11.015523722647616,7.562529107290029,4.865919650721392,86.64061074365102,Yes,5,54.580862813156656
17.8853606359027,5.80193747297405,1.2447649984915254,94.77796925650048,No,5,70.98817886070303
13.984773069785037,7.362150279783359,2.8704519916581157,88.94376377749062,No,4,69.73757170759691
16.855729366856544,7.919296334061628,6.042766590858797,93.53216419638392,Yes,4,65.21520869624688
11.980074066420897,8.472319868661168,8.17688554573985,87.9568897965328,Yes,4,59.77959595189924
15.4329489373645,6.879815108224057,0.8280333755240834,82.42423204646998,No,4,61.26899501183542
14.221613823039602,6.755591499787641,0.24015122972190994,98.73837579778413,Yes,4,71.11117097279048
20.838910308299035,5.9464208958921265,7.741930350743564,86.23341474636534,No,5,62.68693087373771
16.272104216506065,6.007743575152168,4.779228354741807,88.15268555621616,Yes,2,72.21918564466954
16.68801331037601,6.728225329718168,2.263414536247267,76.61462918244248,Yes,2,66.00410393945478
12.940615169387662,7.440838608179414,5.06925817224487,88.76952368281829,No,9,48.11196759548635
12.561968879637533,8.096301551479899,0.0,87.14822948448831,No,2,63.947443364506384
12.837209060901895,6.036185259183586,4.006751013194322,75.54515193841075,No,6,52.690329340271354
16.972260711891483,8.791226282751426,4.655642345686171,71.78761292059431,Yes,2,69.62312184758389
12.895077595898686,6.674651678748917,5.848540279075659,88.13077959144313,No,5,59.010570439193096
16.448874284482066,6.9743592467818765,1.9722080954149246,92.91076808050961,No,4,72.98548505596321
25.377003993227195,6.103345985022612,4.171374322806718,85.70204112766025,No,7,78.99666430927402
19.355623517158463,4.09091168767247,2.1491507478808254,76.80317875958937,No,7,57.599894993984854
13.369882339160794,8.06085447563326,4.510767511348634,89.99565930079105,No,6,67.01871437522513
21.006069610819722,7.88421267651092,2.2093073552739515,72.40317179828807,Yes,10,60.33888425380552
12.959623134892244,6.662406931458144,3.183798321679559,83.25501114405864,No,5,56.00196767433559
4.809377324110731,7.080388860669847,2.008369210419542,74.9010027519526,No,1,43.634719843265174
9.95956844541298,7.619127061244919,5.3022724836473145,75.5337715317965,Yes,3,52.14788900580023
5.646040394870722,5.124944971736149,5.716902233313331,76.06881847474611,No,9,33.94855219250953
13.242432579793457,6.365136787184446,3.5307588600851725,81.60121171131934,No,1,62.577243200957355
15.092091895947759,7.9531176155461925,4.076475989920056,71.53450616861193,No,5,60.26755377690035
23.382186561376415,5.4948526921969005,1.1028171707329117,81.93380322787294,No,2,74.21949378435977
16.634636868820813,7.352269518599956,3.4006467039864257,85.35122341344102,No,4,67.61118503147502
13.904497355955678,5.3721018344519145,3.8995907659165105,84.49882854898976,Yes,1,55.247359216361446
19.147027905917447,7.559715978920232,9.241586182059951,81.48352301209121,Yes,3,68.8037776384523
3.944323454960575,6.9572302212430195,1.7760659484516728,95.17439824212258,Yes,10,47.50071681812793
16.178072790542828,5.061841820913388,6.928354477504875,74.35980077261513,No,7,47.31755785471168
18.854325969434832,8.397687225348605,5.993717546931616,85.17090231344122,Yes,10,70.70925293627914
7.607068771100792,6.118490107842341,4.561272808980273,71.86124250869663,No,3,40.64043008206837
20.718770216034645,6.027697075582743,7.517240968390267,72.13467036633729,No,4,55.22305625083047
16.69248203747207,7.240683036677131,4.744210945213726,87.21597549031289,No,2,64.52562312673125
12.923560430495993,8.378364819314458,4.778318391335858,86.98055274663463,Yes,3,64.68451067888226
18.163909330531425,5.781013817225924,3.893758693964909,96.34100538533372,Yes,9,67.12068917059845
26.35346428902198,7.074015819817566,6.4471377648372545,86.7362102698022,Yes,3,82.1977153162132
15.909331275292477,7.514579800396687,6.192938467621767,98.79373061214551,No,5,78.16651222733587
16.24110293150168,7.831726728715773,2.748645425007575,71.4608454519979,Yes,2,57.4046114455267
12.70319550229878,7.2117298663326705,1.3615056108024652,72.94023054342223,No,4,62.65289407694271
10.750778152676041,6.559566593100013,3.594038725208686,71.32197584711145,Yes,7,46.434293672506726
19.151679082721227,6.0068917352215365,2.399922871204707,75.5583055100062,Yes,7,61.02252526377601
10.719580870455664,7.1033726596556495,3.87295085076929,86.23810332825035,No,3,57.044529496953324
15.357831186096963,5.713433185617272,6.474876269368279,89.36716544282284,No,5,54.71980283303344
12.611712766174417,3.4943794198064713,3.0853966898264202,71.36755473846006,Yes,1,57.310543897836
17.39489912873196,7.5238717649892015,3.9143532373768504,98.37912669536797,Yes,10,71.75133823570846
16.66831052643474,8.084721809303435,4.1160454696167905,95.26496129951143,Yes,10,67.2389705425196
20.187699721289498,4.1644810773497944,5.696861764410569,78.89837446471279,No,10,59.11087242452601
12.449918005726264,5.788323154348075,0.0,72.31562590679404,No,1,55.0218193959817
13.650625323533143,7.742985113206237,2.7865994104694067,75.09661219657171,Yes,5,55.36932600591619
10.106181421088463,9.46899456365404,4.4225673845589455,73.80833241264918,Yes,10,43.00936950021029
12.778533699619441,7.024952449210489,6.4001579128537225,73.6985133789684,No,9,44.81169199426901
16.88650246522426,6.126396470525039,3.01619510498759,85.55685065997201,Yes,1,69.99098658747543
18.78494308322676,6.780524270674192,0.24689458791625185,77.375423274802,No,1,75.11998704130139
10.389173379111874,8.649851702977822,5.239422891932272,80.74419149587433,No,4,58.2442992308032
19.3480296005283,6.224842985050557,2.7292752223487415,99.68516000152968,No,4,70.72007570624328
21.778189294024756,6.040969592019696,1.6206666818192774,90.52942746776034,No,2,82.76309785591769
17.067174516118506,6.420707773381561,2.751309220573552,98.46942001141004,No,9,68.87184545429133
24.38397906279033,5.856005670089545,3.6309492846883007,74.27669665099347,No,9,69.4124546286383
11.131054004482134,7.147204379193755,2.7905106709235747,81.46418424497708,Yes,2,53.39345093595285
8.776726483442914,8.949614150163473,0.0,86.64195409847062,No,9,62.44187017515246
6.106398755478606,7.387695127739235,5.794132393774264,72.30274185666214,No,6,37.107673144899344
22.480221557445915,6.6971757974484545,6.549750082557445,70.12562330883874,Yes,8,59.0996030192839
18.27182828177029,6.649826477301347,5.303043982679012,90.11303001390752,No,10,64.26041424199883
14.722076645447725,5.124171029564012,1.7246286591503668,89.25458550404306,Yes,4,64.37280817999694
16.399843131599102,8.05973173257659,3.597016932104964,82.32366429998835,No,2,66.87687443156076
9.372554763508116,6.906595363584637,3.986957369541084,84.68932228096098,Yes,2,57.24570603703422
27.22875989808413,6.7834241036912495,5.19758877912382,82.46329001776269,Yes,9,67.86449168379909
15.646105909876137,10.831729081413833,5.336680977436162,70.72015134534666,No,1,74.4325902239264
15.546973973024464,7.3585034900388235,2.5316524024430085,80.06114818652387,No,7,62.122564277593796
18.62883311949346,6.097850739885779,4.163991112827121,75.31246766191869,No,3,68.54107670150273
17.405046158683568,6.488370884553348,4.914560809230482,72.95272567304106,No,3,59.03161875639525
16.119420121395656,8.378134851036105,6.911644644293533,98.7016130166805,Yes,2,70.1433415962893
11.047627722773441,7.135924492645318,5.409013079649446,87.98079175126497,Yes,10,48.43330275025388
17.357341785679978,5.27406642601916,5.578113374751037,91.85968852709809,Yes,6,65.10257981905285
24.41012248237517,8.103074721490245,4.167653255858722,79.46091229798353,No,10,69.5680309333798
21.727100230774887,6.198227097353207,6.820918290407008,81.79441388482046,Yes,2,71.15098793752374
22.965933133196984,9.247957331461055,4.819525591918994,77.1077198169017,No,10,69.65278297665314
12.443921617844074,8.296057678857577,2.277824179652859,72.90897012896274,No,4,53.24902520644938
10.051975898707095,6.463213725209498,6.806739940250381,75.37094912324751,Yes,10,38.89301162886196
14.37106539950176,8.537219634082135,5.395806545078055,93.92542135889457,No,9,58.659673052947326
15.278624561443474,7.0814266126328835,3.1139119577430354,90.32637415551328,Yes,9,63.216795994067525
20.470957592354743,8.023328410146663,3.041014065201513,86.4078662795643,No,6,70.00475188522425
6.537676851425903,7.58167938075337,4.593151090281523,84.25269618600305,Yes,4,55.27596597085968
22.64775159730307,5.984372014010952,4.926369590535169,97.67302850968373,No,7,73.24791100764062
14.209960507105054,6.227740201219046,4.394584531262413,72.18204843336005,Yes,1,57.454849861120636
12.8655946502629,8.235952981097393,4.62261734688577,78.41802439713749,Yes,4,62.9451267178145
9.939478123699162,6.598269601472151,7.399914749152761,80.49813560712143,No,5,51.359901044652005
6.725716640671154,6.515621844109604,6.143086304469771,93.47277436638363,No,8,46.47171485405093
19.115852919809573,5.853852904780776,4.381271182530049,99.77543860485915,Yes,2,71.56187911161774
15.366589835942019,7.508318878712153,5.882621161534967,77.22011544271459,No,5,51.788917921028286
8.55019550129473,9.475029903091773,1.934952192944921,96.22922002411242,No,6,63.357928701758404
8.52460613968192,5.7189605028948725,4.795854099893618,94.91868281295373,No,5,50.38915345550929
13.321076503549358,7.02906334800731,7.618612699466221,76.739721929253,Yes,9,48.25047265981337
23.345107626446964,8.694664666498515,3.5639082092152523,81.97997740597668,Yes,10,72.81986422993242
13.702043243181976,6.904430330505142,2.3047321427618304,82.29018607877558,No,1,69.024848796609
7.4842852344094695,7.542846155499681,2.6958222228138786,99.34662005579675,No,3,60.326524843378536
13.771284679570279,5.7251277662237445,1.8207339253152233,75.42675704136695,Yes,2,60.18118369607696
13.636382151261648,7.513968516649179,2.4304761837445934,93.97473913314346,No,3,74.91962566894347
1.5155667852921422,6.775426881994542,3.258983802819942,80.0257814251933,Yes,10,37.701055104591845
14.728525667410938,8.182875994815836,1.188865961642716,91.92611037328481,No,9,68.2969735282516
13.84532734895661,8.424863261877702,4.031236667899206,82.60033012886989,No,9,57.41564846008761
18.48103182406709,10.107476370422336,5.804554347573294,87.3507928934962,No,10,66.69079871133512
24.244780474726724,7.695559807856291,2.184487639706159,94.97835319978392,Yes,2,84.91822704027734
20.632825147738785,7.3909555798986,7.038567847283538,94.12496694951652,Yes,3,71.35473421710438
13.655556547225848,7.233261161892803,5.021584177055189,95.99269550619101,Yes,4,68.45385301744166
9.467370456291649,6.576200448627174,6.061161171248115,71.78851976033977,Yes,9,40.37766986810007
27.866799016249303,7.40618061215403,2.684330892295726,90.76151659119235,No,3,84.19466807526744
15.296092170072441,6.645518307833164,5.709050454133232,74.19962130165288,No,7,60.74688403639201
15.069646459564732,7.202153171523537,1.816132199209374,82.47455704055233,Yes,3,69.15533790014346
14.879374564449984,8.581117042729552,5.780495001673017,86.45765245164066,No,7,57.056399329592914
15.990423803839274,5.792148921664431,4.343678679587063,82.08218454240492,No,7,56.01596809853808
14.278197940380288,8.367854273354855,5.106502439969567,85.58835027409023,Yes,9,60.35606457495298
12.131689965598818,8.580538080807838,1.6488107887502967,99.89578926395858,No,2,81.95234804606532
12.265705293798039,6.858317767610705,2.2098603154467904,74.05651941138564,No,6,51.419719818072416
14.836233648920008,4.453774121189687,5.194456436506769,90.26368136009276,Yes,9,56.60673654305497
12.282876144331176,6.270613615486681,2.1033039915515985,81.88002899156845,No,2,67.29584957240282
11.435771086614178,8.55639345587333,4.926412584198246,73.99029396721987,No,2,56.23652175989689
15.532151138459485,6.972558325241342,1.2657243870795085,74.76210290122928,No,5,62.6258226252241
13.725113912895724,5.800837321246107,5.696348425333336,98.4781931873685,Yes,10,51.79128181991117
22.519964942913443,6.3942700945261395,1.5349533704629819,96.38804490135286,Yes,10,75.20456599121097
1.745150958034941,8.008744031805463,5.104599875359046,97.21125881245065,No,10,43.720830331136035
20.45753425961231,7.656080281841655,5.251261867292001,99.7459832748216,No,8,76.48660259534273
21.230425962488145,6.713281480996367,2.6064563631408504,76.24946170025554,No,9,70.57967666569587
4.633048837959253,6.559810705822375,5.164053134169453,80.66318012092185,Yes,2,42.87590811012279
13.286562029598256,6.529890221147414,4.520884526667112,90.076570897746,Yes,5,52.63456990945968
13.142795670021043,5.893107778601797,2.9223162876145237,84.51407619581941,Yes,7,56.78413988133706
7.962441526410894,8.93845082736333,1.9828906318475839,82.55168600135,No,6,59.51027793066785
11.110916562045624,6.613215436946392,0.07474861665484189,80.7343374800678,No,6,60.378696253219445
9.447120772670857,8.460590224990597,4.699300094599387,87.81341895830357,No,7,55.091881172868945
23.761352217118116,8.825579262306942,0.8703944572758897,87.26780285920246,No,3,88.80651433786741
19.678391965737305,8.197973077777553,4.1906883988826165,74.8437350219272,No,3,76.72576128690578
21.357775474970794,6.482055624738342,3.473103567835502,84.15219512555318,Yes,10,68.2199616486201
18.608360320216175,7.484476108403931,5.358285550876391,86.6041532862955,No,9,62.734490039525376
9.354741143913854,6.970965272330901,3.3959090010202715,87.10860816194172,No,8,51.20831339156033
12.377398668601131,5.915557767123846,3.341104427305817,76.30321578737056,No,5,53.18521266398989
17.44687280613959,7.389231138065924,5.463741408576591,92.26814176756861,Yes,6,73.90199149585929
8.889360955540273,5.585152250608237,4.670116058168235,70.75597284463208,No,10,37.8609342723267
18.56499215086194,8.425215266153877,4.632311914365556,80.64495566629488,Yes,1,73.14086340856439
13.798373009209325,6.442459243241928,4.938535179617053,93.406379456069,Yes,10,54.829202351175624
13.125895962252013,7.241391587047407,0.9288557535857884,86.91678763166207,Yes,1,74.56168776305054
18.554799841017456,7.339945445855371,5.513577359973964,77.83487297532581,Yes,4,72.88499554531268
17.2213165574302,6.689314031555107,5.224937588027204,90.84859358029144,Yes,2,70.85974316283439
13.1951691709046,7.70403256177033,1.9666337428470055,87.0217283246822,No,7,64.2426674915268
20.79664901682124,6.430115612052971,3.5118390526515975,93.88730828369162,No,2,77.7045586225605
9.594683362000513,8.045556756948693,3.9213854247447375,92.0507555856947,Yes,10,45.906913877390295
18.07967803472132,5.384824383703902,3.7310064311965347,88.30323766108704,Yes,2,71.28696688612101
17.96550628984192,7.151655495455694,4.66771993313707,84.64533025932442,Yes,5,67.22061604140966
13.452267803430049,9.326714798869942,6.862733563662367,73.99546377002571,No,4,60.51264206747956
16.63066511121059,5.799602410473311,6.163533455345657,77.83999053656152,No,8,50.48985094827047
8.744432118073485,6.186706035370178,1.3755616131371875,82.57298418751256,Yes,4,54.01143700492655
19.620135096034506,7.616689419590698,5.244139980612097,87.97897861019166,No,6,68.15320792017434
14.075489317785054,7.215498138327518,6.65786663907082,85.41123565645914,No,5,62.41616556276596
12.386384897404803,7.420756119128271,4.773617041378405,78.64553577878588,Yes,2,57.91421704696225
20.245046129184445,7.587024556177196,6.181960850371934,70.19393073369132,Yes,8,68.47040289057747
11.478281547286205,7.761665762274124,8.02454089140153,84.88717665702441,No,2,58.26309572838223
7.957693518182202,8.331639810347468,6.047419092213962,78.56877965686729,No,9,41.019292387585025
7.216854132380481,7.491782388314215,4.498617191283458,92.03824902131605,No,9,50.10792581794968
18.030049756728197,6.710490814457749,6.090176948169507,70.7183879581145,Yes,3,57.36669094360255
8.597853237518585,7.807088441443278,4.2897756661937825,87.54483433917372,Yes,4,48.22024131698479
23.77397090992182,9.279858321874258,4.047806086569911,98.24422712518196,Yes,8,90.48446765024147
4.59035296058139,6.840839504340912,3.2971715285725347,75.23227801334498,No,9,42.947352283083575
23.48228184145019,5.83056483439523,7.126826717664216,84.14948472251785,No,3,71.90221793227143
16.05508733601309,8.328496803144368,2.363142668115997,72.74265975451415,Yes,5,66.11783755271105
14.516434440648037,6.8555426032556825,7.064735449356232,88.77045736784058,No,8,50.2965176674434
12.275404565955252,4.392796544783156,4.999728247480743,86.51595041788677,Yes,3,51.56741744860262
16.995680571760353,8.016906012580506,1.201387650396117,82.22096572638497,No,7,72.98921380318765
14.811826487875758,6.357606176855293,4.735298585982843,85.64131064421224,Yes,8,53.06045143353249
20.516509410082605,6.891360061235007,0.0,96.89723975407031,No,10,66.63498290483629
15.571138243310198,7.398376396682817,5.251016033662071,75.88882906933202,No,3,60.423231902788345
15.751508807309389,7.22859961573488,5.770462965977982,70.67693535116042,Yes,2,58.74681172568833
13.18193893893072,7.8513421805668475,2.815288088695893,95.84994654097304,Yes,10,64.06056400881741
14.715271881394663,6.477416355316188,4.247095391911165,87.3135124716372,Yes,7,62.73528518522875
16.539008844460295,7.615726957811299,7.9083148675005726,96.71975366385527,Yes,9,64.22368307443476
6.449158036716872,6.688543986899299,2.988506591476127,87.90835670239518,Yes,1,57.110759037043124
8.259072889471435,7.886572577065004,1.882184825886799,94.30483269879107,No,3,68.78582216990274
18.716320470113576,7.738440980815664,6.963326804925197,82.89020090065443,Yes,5,59.05579418683024
15.85432719063971,5.877473557546486,7.92517438106159,92.49579793864807,Yes,3,62.60405954160219
14.080083318236603,8.30317853941004,4.007391343695694,97.39124400669567,Yes,1,76.3296353663625
15.092169665326965,6.3568438658631425,6.0229260708167125,87.16368891166618,Yes,7,52.40320147676876
16.737908526808354,7.969669357937374,6.682951831061763,75.42355451687139,Yes,7,52.16454781048232
12.301201598453193,7.440744776081608,2.515031534923232,78.06392845090595,No,10,51.522919909958944
11.108476372988436,9.205820412154146,3.0293883292642634,75.95933730692218,Yes,8,54.87075224867933
15.979226275488408,6.731840821153778,6.4617490263094695,77.40571082787199,Yes,5,60.08178011181136
10.10813611192484,6.580819844658163,7.370028557417019,79.19246348053109,Yes,10,39.77804120085519
17.041263778572358,6.976696472934721,5.125761720348709,86.65401360259565,No,5,61.55120563758572
6.487081978810798,6.63618426059887,2.240371292995891,87.63974888391499,No,5,50.569891287007295
20.14577818662822,7.95993028233046,7.974122223398883,82.79499241725583,Yes,1,74.74983595418934
17.362987412065216,5.060427269876095,2.938058204376071,88.46262339462507,Yes,10,59.72568484158178
16.28014867156938,5.735581097024375,3.3297244376570965,72.44724776834097,No,5,57.0264840993381
19.91345491972757,5.7186364941049685,4.684675668979243,72.63364711174479,No,6,59.753196961278626
23.32737222231288,8.14036911036829,7.108320841429548,75.15488381072976,No,1,78.90969470884372
20.07185032509065,9.05273604709831,5.707951953104447,85.54232494121034,Yes,7,68.39793074579626
5.795628843341774,6.874660937755034,4.829731000723821,76.41984036094941,Yes,1,53.4654684164547
8.602115166321493,6.797413932171987,4.9265770602362124,78.49853210477733,No,2,52.748240027154836
11.875907111521606,7.084062595735817,4.087029337286932,82.00938508518982,Yes,2,59.5555496568661
15.130455251054169,8.39425396312983,5.116279029037012,94.3559837203114,No,5,78.75289472071199
17.588295102345615,5.887176238971311,0.0,70.4158640773858,No,10,55.04417092270665
11.371280934232672,7.286042779281742,3.406785081860403,89.48136460709867,No,7,57.5396535313342
15.933833822385392,8.170237155738915,4.482643869833562,90.06629593122057,Yes,1,67.69917123400725
11.223085338233387,7.601313003927814,1.6979718327609858,93.9596734106991,No,10,64.68467001445245
11.942410985040258,7.227497939918492,4.77264663562312,97.9825881718094,No,1,73.77318237725241
7.966694515758888,8.201255311080569,3.591057558027757,70.60413546847869,Yes,1,60.98793902730815
10.383833769445479,3.7561212484009157,7.51095139663098,74.61351116539649,No,6,42.44082615896665
8.241576971918331,7.813450383437089,7.146039450429713,96.58513882167979,Yes,2,57.02050589831371
10.120633735113337,6.215109180247092,3.0683888617636743,83.75555686561046,No,1,57.157399096927016
20.268208983039198,4.803240523772252,3.6983245768666095,86.93771916800391,Yes,6,58.95333649591481
10.253005555840286,7.613443119429977,3.852104868783215,89.89081611169442,No,2,70.73477941456548
28.161910324186955,8.648390254195549,3.0966810476807547,90.37199813486912,No,6,91.2435311167897
17.466589504404446,6.83506178244677,4.390049968056253,97.95221209949524,No,10,63.915520980959386
15.92418061847437,8.143449456643527,2.4834358622248196,99.90848252235008,No,8,77.79536134087105
10.708211099093933,8.934733909586374,1.7387693301249474,91.60472382792821,No,2,66.5418288915507
18.501549397044958,8.577897344300856,5.245422447800538,78.61663627615452,Yes,9,65.40207643197128
12.121810868811131,8.96795743524567,5.259059168443621,96.3925720688303,Yes,8,62.580533429034226
15.610049073226808,7.89055298928627,2.3913684806800153,71.47662743622284,No,10,60.699762896046195
27.800422691343975,7.090520366681911,5.790710861525199,76.93242558623488,No,1,80.2595447391824
14.51970050137675,5.077641025723398,2.7368445416693374,96.92157152391144,No,7,56.33330354898929
20.74636663142838,6.704725014244062,4.506330476075963,77.68574543318064,Yes,10,62.49847043259119
11.484117874370563,5.98810408562057,5.640688025224912,76.61953178865245,Yes,6,52.578674270732336
14.825057547515192,9.605131260997377,3.932774870592574,74.14375879420741,No,6,63.89189006214439
23.85400317817755,6.7889370250811965,4.909481824282269,95.77335272940749,Yes,6,80.79892617166524
11.865164711061162,7.147845768141383,2.9671407122248565,85.0017477757326,No,6,55.035231586204745
24.062242789984644,7.661782451248561,3.6070668331438056,90.24679609162465,No,10,75.8308953269531
18.538759677277376,7.052322935646944,3.5882811382393194,77.17199152225089,No,7,61.42727993622048
12.187666120528661,9.034061248516903,2.506843306919522,92.74121263033649,Yes,3,74.19079575425938
18.162038695277605,6.252820765918658,3.6464516737684356,92.80016634886296,No,6,68.65146523565355
19.86277224813365,7.233528946284691,0.9027634022725066,79.377940747249,No,3,78.03530663874949
18.10904981108598,6.109035297162342,3.0176925057157904,82.32047899030849,No,7,68.18865750171601
7.148876400547718,5.415972986535153,3.4302490132606582,76.29070832290603,Yes,7,45.40063117691644
11.364314120875658,6.265877090913658,3.4876404950092397,99.29683069968712,Yes,8,60.29090918313319
13.762406822242475,6.955555843541905,3.5170051082584424,89.36807731175234,Yes,2,62.51137407048613
14.627832854499768,6.484837330579288,3.8764716002797424,98.03631642146547,No,9,62.54251733369684
18.103360487753392,6.169094824151373,4.958883036172128,79.101566308874,Yes,5,59.647718153236596
15.88850500466627,5.312419043593799,5.749034148265045,93.45672738990669,No,9,55.496689022732106
8.323278206449494,6.900273312845567,2.7004695463034656,92.97575931654225,Yes,10,51.37706339594886
16.900989255029817,5.194335551162798,1.593598289221711,90.74966955599625,No,5,63.327090849888684
18.052928726419115,7.912067156427523,1.915911175513794,98.96916925800402,Yes,7,68.74400756409243
17.7989522396552,7.098927703521404,3.0255941576101457,81.80666008318947,No,9,60.957448221835804
20.403903627773108,5.250938200642083,3.296157364366982,73.92151970769272,Yes,4,65.13109058748812
19.16961077274452,6.628949107540164,2.4600078676050856,90.15126577732183,Yes,2,70.30457525577833
17.295900396142184,6.097412313291301,1.407766671500211,91.87929401431619,Yes,9,66.89017792180418
14.649171442706765,7.383009412503016,3.0877583450516237,87.25181720376443,No,2,76.30144375648989
6.6951953324200435,8.608540535227773,4.362853240227943,76.20453679400188,Yes,3,56.593905414967296
17.148091095662927,4.749793036425107,5.190058931671129,85.13367825008066,Yes,10,60.439168173564845
16.038438435815557,7.1380312949769005,2.8851538937833574,79.36569209707389,Yes,2,68.88579339705102
16.357894185976868,6.807840645320032,3.174004355713132,82.82399584500067,Yes,3,71.59507398864174
8.616257120898453,7.805608091740559,2.1466033823053783,89.35655727533992,No,6,56.065264825505835
9.594717297958688,7.255835953885227,3.937121659250447,92.35644228072503,Yes,3,57.99119918697751
20.26576426666452,6.097636801913417,2.3031427316183706,76.96674072704029,No,10,52.01815977361898
14.802224230716725,6.617135277200058,5.1462556264824,82.1597608194086,No,8,60.63527732328427
18.40750348686312,6.044768971835813,0.42826701613177764,78.07484712974887,No,6,73.47201190686563
15.141591880652307,8.291208566318318,3.2807406550950753,75.95894841585607,No,7,59.690168639084995
15.148780697478726,7.025573978406331,4.6022146783834845,93.50161659987515,Yes,1,68.76862378901983
19.691419029879988,9.281428822903608,4.367669032645009,97.27758083310977,No,3,79.08478093159155
12.419776358913131,6.927207023422455,9.386067327960994,81.1069655705373,No,3,52.84198153910923
15.480603884704918,6.149911879707445,4.699600049135815,92.53836773121301,No,2,71.06136272632044
12.688623556474788,5.183542728864607,1.9918908063159795,96.90985868093233,No,7,53.7968115242485
12.827518862838422,4.836232388492866,3.809071505821854,95.38372631590696,Yes,9,56.4094966556888
13.454139382656804,5.099036868393412,0.44750733306709645,75.48440165617677,Yes,4,57.344613820962216
16.110668858168566,7.3205519812137805,3.838800501406478,98.68875644540084,No,5,71.6382626342047
12.606256891682612,7.6104700278759205,2.3338878859984824,81.30029321288387,No,3,65.79082187006672
21.278780627867604,5.1025711575614405,5.8307805511203235,80.17721983521508,No,9,58.24650618801929
10.526963488902481,8.074045976891338,2.90091945080893,71.8729398183334,Yes,4,55.95900951307891
14.065641779193205,6.420326737979873,3.766468168409507,84.58520962314648,Yes,5,59.478160440165276
12.801344708629125,7.176151614382659,2.728884317191193,73.27040846922786,Yes,1,65.23849781795782
22.234889421768663,8.934664753906508,7.477702703706663,77.45619462782278,Yes,2,75.12995965349837
15.982773882557874,8.076207179038638,3.357514467764177,79.50827865301844,Yes,9,62.814052681943956
20.159222697343175,6.6777632225130015,7.665114086958404,94.26478970475051,No,2,66.05767996939075
7.572198134815141,5.930569329501655,5.628303524236533,96.2646595118769,Yes,5,49.73381007152019
16.335251329346296,4.417821518404834,4.9641334546707725,79.07398952384409,Yes,8,55.3255030589197
19.448153978117183,6.1370160169090955,4.737466294635039,95.76094363733722,No,3,72.86373531492654
15.411419946377121,6.746643713406766,4.787594596432503,95.71692812109373,Yes,6,67.72724443522789
20.327401875326757,5.81538456741858,0.14465484130878004,92.9395285115462,Yes,4,85.05444057550243
12.413557749498139,6.842491639489234,3.442233211698487,74.40085342045545,Yes,7,57.477981550440006
22.0467372009279,7.092222259550522,5.690315942368644,90.70968540702187,No,10,68.9216950503229
26.49449061809625,6.730172821830306,3.902205633051789,98.35072193741706,Yes,3,85.01019162632637
13.185807197801704,6.2199969030118485,1.1896203063928499,90.47621436301472,No,6,53.5205599556252
12.77248739299614,7.202385606360073,3.895191098845061,79.94850547323502,No,10,52.6277709565294
22.266922385588504,7.530328779483291,7.408211032510982,85.01737952292494,Yes,9,64.8167908042271
22.897860728653562,5.691521107068585,6.4937834310694384,89.37175130053161,Yes,10,66.14508401184179
12.385699864233658,8.693118855695523,3.8759919812679366,85.3171122618551,Yes,1,67.00858296053069
12.899065914520714,6.881694241258886,5.902898554116173,73.5985882519291,Yes,3,52.856381706778485
13.591076955697464,7.022619547533817,3.2669859592638963,79.36192133956062,No,2,55.66985817728026
8.277747444828615,7.849857307907868,0.5922568263465622,94.07188091660898,Yes,8,57.021760247536065
10.406740267579009,7.279859357516202,2.1510680237408915,95.84254138286552,No,7,63.82677747589612
9.97929616623966,8.143763960695894,7.125777537016395,74.11900098146711,No,2,59.15091876269226
11.161012174479357,7.344548998242189,3.4520138363413917,98.57160257196173,No,6,62.96340949661463
14.826575563066093,6.265075150431475,3.513232041249964,79.86467853545828,No,3,62.889818867282706
16.171073662682602,7.433804230247322,3.4003236074502388,89.8694121619216,No,8,69.4983131510467
22.752502464070385,5.627528551215206,7.808273179146013,92.55475437870044,Yes,10,60.26349131210376
10.008229796306045,7.130271646931828,7.2519178307241265,94.3583870391365,No,3,58.170758054498826
19.921611992382918,6.960124011226647,8.437560466896269,98.37249106677791,No,10,61.01342331767912
13.930055778872456,6.750259771272952,3.6819095791998975,79.38758644086468,Yes,9,58.462201058001135
14.752681451737836,6.845754986273283,4.59124897749419,95.75519363654664,Yes,1,70.26422582347426
18.37409746083302,4.741781145402833,0.9667149011584177,73.95060710308621,No,5,63.739576800179236
9.386389892188507,6.341530110710846,6.953868852236549,91.15122719060778,No,3,49.832703323273805
16.912048730920255,7.111413881369337,1.66444089746413,92.25933188541958,Yes,6,74.3818086462185
15.83226104106528,7.19182767039688,4.433551127525258,90.33169723603962,No,10,69.54916462564215
17.462256320040744,5.76678983088885,1.8053949447343118,77.56944208405459,Yes,2,62.898396692090785
16.44584321953909,8.51884940903764,2.822266346522608,96.1912944104561,Yes,9,69.84997056571117
27.27650069955447,5.9605901821425995,2.3254751379005993,75.06575390111185,No,6,77.28074525495441
11.81130007874342,8.163348640632083,2.7842494786483645,71.60904374562493,Yes,7,58.73818984795602
12.345015224990911,7.512633234246022,2.921754593702043,91.52394971835736,No,5,62.28786877873342
11.884297367876178,6.224527228187436,2.903462410149846,84.26427145698202,No,9,42.40615792927994
12.222614404198726,9.130373071131414,5.666667823560614,95.47294059876029,No,1,75.28578676494593
11.813064363467412,5.567635801892224,1.7902744138749598,81.50191423174778,Yes,5,59.596064600154925
20.94508265553776,8.102985008332002,4.441082854027734,75.04835765523138,No,10,58.061015163240945
22.102521239949276,8.200698781651575,6.435918304611117,95.0932657740961,Yes,6,73.60868249965638
12.14626853125262,6.195255749108026,2.9736072709732078,86.46728894920216,No,7,63.106776560979355
10.838222134478857,8.670958360077194,2.564162218504796,75.67587377171064,No,4,66.1500209566698
17.35707778193202,6.699944182481257,3.5389507496394983,91.61151995759337,Yes,1,76.87621907839507
12.238884778595143,7.346432355135828,6.359450416721421,85.33340915468501,No,8,52.6141463566847
18.164659088777555,7.312386206525465,4.388215261906716,88.12938946720959,No,10,64.52933671875381
16.0146151042565,6.8388295102353425,2.9375714107848028,83.82695014619746,Yes,4,65.71971615377039
7.42127942501384,7.9729699277917385,4.96775330237608,94.8612695145402,Yes,3,63.07018094232742
22.737526006650306,7.952186464662655,1.7954157003271534,94.88688147049149,Yes,7,78.74501458335753
23.97938836547761,4.901761632114184,5.362719020885896,91.28166465473159,No,2,71.46887533952886
11.936056547578069,8.565208291453782,4.817214615403535,73.16204132189387,Yes,8,57.39719850299787
13.06149220032008,5.005009614357191,3.384383057722232,95.16561585712206,Yes,6,58.916988270592334
16.429326953624525,8.239055445209988,2.3228284031055377,90.1303894159873,No,7,76.3234116270136
16.672283949935125,8.3520461641931,2.2266381554330854,90.91072498012899,Yes,5,71.22682526636522
18.29272136336415,5.690840283741762,5.06963467269182,80.88948521211614,No,9,57.19841138885406
25.051022693831747,6.507022854454498,6.457961004978124,96.3783866847102,No,5,74.01885240392495
14.115263862529753,5.6731543978168775,2.7253845059424107,91.76114800704572,Yes,5,63.00161495793578
11.008513777307732,6.742094763653518,4.916773407102968,73.37771399587584,No,3,46.42974531479609
8.103403859927365,6.630358858977111,0.0,82.23334103218488,Yes,1,58.673805666387935
11.345349800290405,7.935592638723207,2.830764538685601,96.59141085880425,Yes,2,63.50240837302447
14.834365135631014,8.572370495343531,3.937882134258196,71.41590105092136,Yes,8,61.11770409355163
23.97278931758894,8.674820572947947,2.1806331660363325,98.84249858926148,Yes,1,95.77864245444198
12.411943504819142,6.325398368106038,2.1269872504208083,90.37487704958689,No,7,53.46983019975998
16.118939758194493,6.748933751506566,2.6644408870622276,88.9412793293013,No,5,72.96613739918764
14.91788551963624,4.97987416933486,4.584385456652746,78.11677769463974,Yes,3,66.18630710134771
20.94196636724042,6.032955920204573,3.6253419631872505,77.46375366217531,Yes,7,65.22685341840668
27.63466212936811,8.15782195971695,0.0,98.26174658465786,No,9,89.5867896863091
12.345656135398396,8.938699388257877,0.0,78.94817362702368,Yes,2,81.74182448856395
12.55280278740889,5.518781353744093,2.786269644285649,93.26515890156998,No,8,52.47694266646303
20.22080438534536,6.289042889016527,4.915373172107104,81.79365394621237,Yes,9,62.478641488360054
18.40945744813156,6.9683130916492875,0.0,74.17762212354111,No,3,72.4245068412647
24.23353662868017,7.336193390583528,3.0005396476967388,70.32145893086077,No,2,81.69915300208794
17.919640926629818,6.028475776094025,2.9475042869651578,86.32772011045752,No,7,66.49943834442222
13.203539546064702,7.508873253356907,6.776675556416896,99.27336455646798,Yes,5,61.12728935729737
17.953274153461546,6.431392783514901,3.2299563765742727,81.07408581427613,Yes,5,61.78835546827679
20.543517902914537,6.982657274946065,4.765977969481857,80.71577001979135,Yes,10,62.04197381444618
19.102410905986822,7.65554109760444,4.282514280174927,80.32274853548326,Yes,5,64.47008765314168
17.53637015553649,7.007706723773126,0.0,85.61631511914575,Yes,4,74.26164936953457
20.333373447945768,6.476336931368118,5.536414433263475,83.2199465027288,No,5,64.41747473209331
20.846477952228362,6.868468235289003,4.430793010912576,96.39743880181044,No,4,70.37752234776137
21.910794955187637,6.893964448953597,5.016537279349179,85.16562375170471,No,6,75.6631302903232
18.243549437948214,6.555986764141447,11.852475412872653,85.23273514565706,No,4,54.07898191251361
14.164409598415729,6.689444724799477,0.0,74.1511478416167,No,2,60.55813812636771
15.733568432166614,8.91837660460566,7.449393299522217,99.48218622731159,No,9,64.84204216345522
21.032544832541785,7.673103337529486,3.4251049611992888,77.49918672606489,No,2,74.86707910513405
10.91532164506382,6.645423618365007,4.574657808806019,72.20092202378808,Yes,9,39.019056707498315
16.843366544364507,7.836345285412882,3.9089755093975156,89.89438746925626,No,10,66.27679542218826
13.033305938363197,6.599416612292788,3.151527333203913,87.86099110470619,Yes,6,56.276975605592305
15.143724114674088,8.40774956510397,2.8603341435224827,82.45436961978237,No,9,70.27032195416344
21.392259313036494,7.443570630637713,4.659017471146019,82.66576701642035,No,9,69.87093819430507
15.955495340099517,6.8712374271949255,0.9656526066566418,93.55191763139294,Yes,3,72.48402476027155
15.232182740780743,7.537260310972333,5.501158335043531,75.87137920298947,No,1,59.80756798596303
8.200719295100404,5.1149486175178005,3.167611190229492,94.6075995683467,Yes,1,56.76020269818505
18.731267830136105,5.6478790373082335,1.7398613219192844,89.46241341685055,No,3,74.84293568866919
18.227420905705376,5.567289992321133,3.099974284008373,82.56909321338573,Yes,5,64.53505568436182
25.8162736165273,7.1715317137164485,6.514298433725146,83.74085849751606,No,3,76.50950022895336
13.461108825234996,9.07901799938211,2.929329825967554,77.69941621558287,Yes,9,60.80846114686117
16.095751638319694,9.677560175431159,4.716907236419241,92.56342998090925,Yes,9,66.87210330884447
16.246918418553776,7.765661321728908,2.5380874485690534,85.38624226915803,No,3,69.75907295959043
22.887266398817374,7.601013369933348,5.515843699847239,79.62563628249531,No,3,65.56675223066668
14.52352233806524,4.838730719016713,5.371015477580408,87.88150347282851,Yes,5,59.8730934008099
16.395107628851697,6.348791440319174,7.697217666592823,99.8720335615397,No,2,68.06281809008918
18.039482548582697,6.054659497710113,3.648872109001569,83.05786838969661,Yes,6,60.8518883833919
15.93304561578179,6.254982882098661,5.337309609515813,97.62074202335859,No,7,71.17429794941002
12.767831927247359,6.798227417698253,4.196135079077889,80.35050519773698,Yes,9,53.34138181716417
15.970449964491538,6.433491306763447,6.591743563726029,71.64198120774958,No,6,48.66400606325593
20.36815874929886,4.624840227549055,2.5623352247825393,76.12726319105286,Yes,3,69.1486908179501
9.8674235029447,7.89749230734104,5.490010625754563,82.56085429983052,No,5,55.92638467010707
15.66484837073438,5.7127083691122325,3.6106054077666365,76.58904785783707,Yes,4,60.5770744523039
11.499395925304134,7.28709623693338,3.8716236457830044,70.00681114654766,Yes,5,50.959101051627854
20.975233144624212,9.488899203699969,4.183504968896746,97.45004613242583,No,8,81.69184162092358
7.384065476081126,5.896738490096292,4.504480792853355,95.31638233692787,No,8,48.14074302396916
12.205390763642058,3.9636549727044046,3.7675419137560837,92.26876694460842,Yes,6,55.69718329101671
16.886059375322603,6.656794933743867,4.429426366341053,75.03443786938087,Yes,1,56.720934179541786
22.827620146171704,8.321151561998285,7.1562361151243685,73.61090728629958,Yes,8,64.01882401416978
14.67124869463506,9.350016945064713,5.970899371230437,72.0281424841715,Yes,8,64.12544373267009
12.224002366534009,5.5245404866570995,5.738309184993793,91.72087566318764,No,2,55.15997143262692
24.40578534720295,7.596039067883826,3.088920947952259,97.86423882063656,Yes,4,83.69573660686747
7.75993049791878,6.441627451863936,2.2215183435433516,82.91607462739111,Yes,2,53.78627135837953
4.005970216899591,6.872861974835037,5.9106011164755055,73.57422015988145,Yes,4,34.89567210812173
17.20007225026666,10.173212016420441,5.752093585059589,85.3717846219632,No,10,57.920588782733994
12.489728878236944,5.196435605925816,6.945341351501964,80.4649572237589,Yes,7,45.57130760032612
9.893835914346434,7.304487593793488,2.792038748061541,81.24474773049994,No,9,52.955251522437656
18.541782236496765,7.56123180611852,3.5409026892793056,88.63991872467122,No,8,68.65034605183635
16.219003568855996,8.302943589927217,0.7210316749491317,91.56154339786607,No,9,71.04941992703321
12.179606846316357,7.117579784165074,3.215057787878254,73.31810796619483,No,8,52.74017971794932
8.598478006645529,7.369660647404923,5.993141021158895,71.0677069241943,No,2,52.85060575262304
19.362286641400722,6.530021719093851,3.0670092415436043,99.82990908057144,No,7,72.938149286032
18.251005889793305,7.322952329494129,5.280959590401648,76.98185046746656,No,2,64.25886015146035
14.504120681103085,6.5881692694031075,3.6189937880043774,71.61491574725378,Yes,2,58.31957787250499
24.233184980238327,7.745886267827261,4.648114056443121,75.6962598728776,Yes,4,77.33821304343911
9.649576168369236,6.556467596747639,1.7046172203686654,71.16873539045393,No,1,61.42420908422452
7.372374145376305,7.4525204726826235,4.170418899267802,81.75432683851515,Yes,5,48.623389829598665
11.540459650593778,6.964884623578026,0.0,94.07205353353973,Yes,6,66.74745759636716
14.772069918222511,8.3512603009266,3.6262076836760304,80.23733349273162,No,9,62.04530726897273
16.21669724661346,6.938327531693816,0.7390535125697197,83.32550220635099,Yes,10,59.922173285925254
13.793819710718351,4.872361038151743,6.411989033093632,90.26760320702317,No,8,51.44235856347737
16.760276982571483,8.51430580085679,5.554814705529022,85.2668221020964,Yes,2,64.33799132917584
8.74230287904778,5.913121238964857,4.933341963932162,95.84337058063973,No,1,50.75739148738387
22.218823020366298,6.215480393621416,7.04201245431876,95.9810702513727,No,2,76.16333056524296
14.589244108037157,6.285206447147809,2.1021669583503257,70.29732086473462,Yes,7,54.02706122297049
20.586479157940637,8.64932571180498,7.494726395831116,93.34138919449597,Yes,4,75.40662073096
16.71362673188852,4.437190943225565,5.864383128520769,83.82200800725022,No,10,50.82406605798222
17.283766095768918,10.765298240391992,3.526889425562108,99.6652162391099,No,5,78.50904690727896
17.84883640116102,8.267268170879262,6.271240294365889,84.49696227626305,No,7,64.65233229003871
17.238542800086574,7.267886696954991,1.7874129751767316,99.60687836164892,Yes,3,73.25675760435239
18.21361379933772,6.934127199260456,2.3509716769446527,92.63708083617209,Yes,10,73.74800294821517
21.645762650662157,7.342664889829188,2.782820553520599,77.45814653839919,Yes,2,70.21045260620511
15.982605848507351,7.625346914055206,2.9420445838719695,86.15184937860873,Yes,7,65.30180784966025
18.54501878794256,7.7742587031400685,1.8868847144794945,99.76406918435748,No,5,75.15938918959877
14.551321528563866,7.666725359204138,6.4461661341906495,95.72591823255772,No,1,70.89659847603644
22.200586077247365,7.1074968175062985,3.4822911992603367,72.92100681373664,No,1,72.68886160111494
11.61803848970365,6.7631938956312085,4.7050099367137594,91.19115990429988,No,9,52.679324651797955
24.00470216455408,6.818472059615786,2.859297267172639,80.36738757612439,Yes,5,79.3240487057676
14.799210246778284,6.766110063576782,0.3587933989029657,70.20946785641044,No,1,65.77740994002932
7.8461244894097595,8.360524116240477,4.540114716782844,82.10442907080999,No,7,53.76867436160943
15.640522074553946,7.7122680667370345,0.1754900491604463,77.04263265174914,Yes,9,60.369967519562636
11.594741712625595,3.471533638402864,3.8627319078290627,94.56607811561415,Yes,1,51.48401227373759
19.203217744943622,7.787080931835713,1.263369922334379,80.11991826537296,No,10,68.85427321781286
11.736880103488046,7.23368343366253,7.9745519984616156,94.82571081861451,Yes,4,56.38259964716285
12.769082833926102,6.977549492264923,5.822725444349444,70.01793816504386,No,3,55.37632377086061
5.552296345272346,6.533777856293337,4.211507582542961,79.23457450078358,Yes,5,44.71982377449066
12.738468403754617,8.348935263983217,6.527413355309337,77.23495642923285,Yes,7,54.903204661257625
2.880603366855217,8.13703175454743,2.3073680450685283,77.00702083205833,No,8,37.511710582106964
7.0804858825713834,6.072546798611669,5.086958757340186,72.04559859296388,Yes,2,52.543644880018554
18.802073280721487,7.488462744549442,4.399620867437427,75.61372811231504,No,7,62.913358786097575
18.92900079325416,5.834011918550457,4.52804016266734,86.6664870965686,Yes,1,72.6434134622406
17.127287808924823,5.344458202253284,6.544707000213536,78.74083218513233,Yes,7,50.386982911874576
10.165119284353935,6.247939330492041,5.464984205559604,82.52184346987444,Yes,8,48.91082794124075
14.7614432192901,8.03487216685931,4.577447325650047,81.30600641041565,Yes,2,60.674197767675636
14.981987304547157,8.143750054451305,0.6902251275434077,96.27714774999684,Yes,9,73.11614885467131
9.208176554037287,7.615702504116752,2.0799074094410726,97.15896997031547,No,1,66.17135162776906
22.51699150883575,7.870114944217597,3.754582132808552,84.7887091496758,Yes,6,75.85114710019737
19.386811452878355,7.61941394453795,4.186744748553302,79.90467850946813,No,1,75.6024024421401
13.89517913085168,6.230222085732457,1.7395925506521523,73.2040211200709,Yes,3,55.16038228777768
15.134429194972654,7.518307053608729,8.823353351156843,98.60208638146285,No,6,58.96524902987951
16.04191403973776,7.960491430273219,7.032788110507146,71.80680834700892,Yes,3,60.966937932679606
4.791325657878547,7.905149595776289,5.204236640784967,78.92950832704841,No,8,51.10819674408745
13.764113087397016,8.426696045769571,4.144073722567489,78.94198603510013,No,5,61.52126423706235
11.590078760011007,7.849964616641277,3.5755820601976964,79.61203858420645,Yes,2,63.856016496701464
9.991899950525422,7.421737849049899,2.096163079955529,74.92860529817227,Yes,4,55.941506168314575
13.594498535570226,8.284180285979712,4.154961037037725,93.49484292771092,Yes,9,71.03667651285761
23.988432634247612,6.968174488901128,4.515505080285501,73.67493585897968,No,4,65.11091522892683
18.20421430633505,5.9417504185267385,1.5164788490367513,89.04719977459489,No,10,65.88334332077967
12.144105051086015,6.804319643267483,4.668352834489795,73.71538080117452,Yes,10,41.2084036192846
17.862913906780793,6.106116826232261,3.6894819023505026,72.11606912778869,Yes,8,47.345581441194696
